PERIODE;NO_UA;REGION;SEPM;THO;PRU;PIN;PEU;BOP;BOJ;ERS;AUF;TOTAL;LIEN_WEB;HYPERLIEN;UA_TXT
2008-2013;01151;01;52500;5900;0;200;32600;19600;8200;20400;600;140000;https://diffusion.mffp.gouv.qc.ca/diffusion/fec/documents_passes/Possibilites_forestieres/2008-2013/R01/;https://diffusion.mffp.gouv.qc.ca/diffusion/fec/documents_passes/Possibilites_forestieres/2008-2013/R01/FIC_01151.pdf;011-51
2008-2013;01152;01;41200;7200;0;100;16400;9200;8000;19200;6900;108200;https://diffusion.mffp.gouv.qc.ca/diffusion/fec/documents_passes/Possibilites_forestieres/2008-2013/R01/;https://diffusion.mffp.gouv.qc.ca/diffusion/fec/documents_passes/Possibilites_forestieres/2008-2013/R01/FIC_01152.pdf;011-52
2008-2013;01251;01;63500;9400;0;100;7400;10600;3700;5200;0;99900;https://diffusion.mffp.gouv.qc.ca/diffusion/fec/documents_passes/Possibilites_forestieres/2008-2013/R01/;https://diffusion.mffp.gouv.qc.ca/diffusion/fec/documents_passes/Possibilites_forestieres/2008-2013/R01/FIC_01251.pdf;012-51
2008-2013;01252;01;75900;1700;0;0;3300;12100;1800;2300;0;97100;https://diffusion.mffp.gouv.qc.ca/diffusion/fec/documents_passes/Possibilites_forestieres/2008-2013/R01/;https://diffusion.mffp.gouv.qc.ca/diffusion/fec/documents_passes/Possibilites_forestieres/2008-2013/R01/FIC_01252.pdf;012-52
2008-2013;01253;01;194700;2300;0;0;17300;32200;4600;7000;0;258100;https://diffusion.mffp.gouv.qc.ca/diffusion/fec/documents_passes/Possibilites_forestieres/2008-2013/R01/;https://diffusion.mffp.gouv.qc.ca/diffusion/fec/documents_passes/Possibilites_forestieres/2008-2013/R01/FIC_01253.pdf;012-53
2008-2013;01254;01;113600;4100;0;100;12400;19300;2700;3000;0;155200;https://diffusion.mffp.gouv.qc.ca/diffusion/fec/documents_passes/Possibilites_forestieres/2008-2013/R01/;https://diffusion.mffp.gouv.qc.ca/diffusion/fec/documents_passes/Possibilites_forestieres/2008-2013/R01/FIC_01254.pdf;012-54
2008-2013;02251;02;379200;0;0;100;106600;129100;3500;0;600;619100;https://diffusion.mffp.gouv.qc.ca/diffusion/fec/documents_passes/Possibilites_forestieres/2008-2013/R02/;https://diffusion.mffp.gouv.qc.ca/diffusion/fec/documents_passes/Possibilites_forestieres/2008-2013/R02/FIC_02251.pdf;022-51
2008-2013;02351;02;219300;0;0;100;42000;81800;6400;0;500;350100;https://diffusion.mffp.gouv.qc.ca/diffusion/fec/documents_passes/Possibilites_forestieres/2008-2013/R02/;https://diffusion.mffp.gouv.qc.ca/diffusion/fec/documents_passes/Possibilites_forestieres/2008-2013/R02/FIC_02351.pdf;023-51
2008-2013;02352;02;782800;100;0;200;77300;159900;9200;0;1500;1031000;https://diffusion.mffp.gouv.qc.ca/diffusion/fec/documents_passes/Possibilites_forestieres/2008-2013/R02/;https://diffusion.mffp.gouv.qc.ca/diffusion/fec/documents_passes/Possibilites_forestieres/2008-2013/R02/FIC_02352.pdf;023-52
2008-2013;02451;02;722000;0;0;0;31000;116800;4700;0;300;874800;https://diffusion.mffp.gouv.qc.ca/diffusion/fec/documents_passes/Possibilites_forestieres/2008-2013/R02/;https://diffusion.mffp.gouv.qc.ca/diffusion/fec/documents_passes/Possibilites_forestieres/2008-2013/R02/FIC_02451.pdf;024-51
2008-2013;02452;02;717600;0;0;0;31000;96900;0;0;0;845500;https://diffusion.mffp.gouv.qc.ca/diffusion/fec/documents_passes/Possibilites_forestieres/2008-2013/R02/;https://diffusion.mffp.gouv.qc.ca/diffusion/fec/documents_passes/Possibilites_forestieres/2008-2013/R02/FIC_02452.pdf;024-52
2008-2013;02551;02;2087700;0;0;0;152900;235800;0;0;0;2476400;https://diffusion.mffp.gouv.qc.ca/diffusion/fec/documents_passes/Possibilites_forestieres/2008-2013/R02/;https://diffusion.mffp.gouv.qc.ca/diffusion/fec/documents_passes/Possibilites_forestieres/2008-2013/R02/FIC_02551.pdf;025-51
2008-2013;02651;02;152400;0;0;0;7300;11700;0;0;0;171400;https://diffusion.mffp.gouv.qc.ca/diffusion/fec/documents_passes/Possibilites_forestieres/2008-2013/R10/;https://diffusion.mffp.gouv.qc.ca/diffusion/fec/documents_passes/Possibilites_forestieres/2008-2013/R10/FIC_02651.pdf;026-51
2008-2013;02661;02;196000;0;0;0;2100;8400;0;0;0;206500;https://diffusion.mffp.gouv.qc.ca/diffusion/fec/documents_passes/Possibilites_forestieres/2008-2013/R10/;https://diffusion.mffp.gouv.qc.ca/diffusion/fec/documents_passes/Possibilites_forestieres/2008-2013/R10/FIC_02661.pdf;026-61
2008-2013;02662;02;139600;0;0;0;2700;7700;0;0;0;150000;https://diffusion.mffp.gouv.qc.ca/diffusion/fec/documents_passes/Possibilites_forestieres/2008-2013/R10/;https://diffusion.mffp.gouv.qc.ca/diffusion/fec/documents_passes/Possibilites_forestieres/2008-2013/R10/FIC_02662.pdf;026-62
2008-2013;02663;02;120100;0;0;0;5100;5400;0;0;0;130600;https://diffusion.mffp.gouv.qc.ca/diffusion/fec/documents_passes/Possibilites_forestieres/2008-2013/R10/;https://diffusion.mffp.gouv.qc.ca/diffusion/fec/documents_passes/Possibilites_forestieres/2008-2013/R10/FIC_02663.pdf;026-63
2008-2013;02664;02;259300;0;0;0;8900;17800;0;0;0;286000;https://diffusion.mffp.gouv.qc.ca/diffusion/fec/documents_passes/Possibilites_forestieres/2008-2013/R10/;https://diffusion.mffp.gouv.qc.ca/diffusion/fec/documents_passes/Possibilites_forestieres/2008-2013/R10/FIC_02664.pdf;026-64
2008-2013;02665;02;232900;0;0;0;8800;8800;0;0;0;250500;https://diffusion.mffp.gouv.qc.ca/diffusion/fec/documents_passes/Possibilites_forestieres/2008-2013/R10/;https://diffusion.mffp.gouv.qc.ca/diffusion/fec/documents_passes/Possibilites_forestieres/2008-2013/R10/FIC_02665.pdf;026-65
2008-2013;02666;02;140900;0;0;0;5300;6500;0;0;0;152700;https://diffusion.mffp.gouv.qc.ca/diffusion/fec/documents_passes/Possibilites_forestieres/2008-2013/R10/;https://diffusion.mffp.gouv.qc.ca/diffusion/fec/documents_passes/Possibilites_forestieres/2008-2013/R10/FIC_02666.pdf;026-66
2008-2013;02751;02;920600;0;0;100;63000;130700;0;0;0;1114400;https://diffusion.mffp.gouv.qc.ca/diffusion/fec/documents_passes/Possibilites_forestieres/2008-2013/R02/;https://diffusion.mffp.gouv.qc.ca/diffusion/fec/documents_passes/Possibilites_forestieres/2008-2013/R02/FIC_02751.pdf;027-51
2008-2013;03151;03;68000;500;200;0;8400;25400;29600;10900;1000;144000;https://diffusion.mffp.gouv.qc.ca/diffusion/fec/documents_passes/Possibilites_forestieres/2008-2013/R03/;https://diffusion.mffp.gouv.qc.ca/diffusion/fec/documents_passes/Possibilites_forestieres/2008-2013/R03/FIC_03151.pdf;031-51
2008-2013;03152;03;68300;0;0;0;300;34900;8600;2200;200;114500;https://diffusion.mffp.gouv.qc.ca/diffusion/fec/documents_passes/Possibilites_forestieres/2008-2013/R03/;https://diffusion.mffp.gouv.qc.ca/diffusion/fec/documents_passes/Possibilites_forestieres/2008-2013/R03/FIC_03152.pdf;031-52
2008-2013;03153;03;100600;0;0;0;0;9600;0;0;0;110200;https://diffusion.mffp.gouv.qc.ca/diffusion/fec/documents_passes/Possibilites_forestieres/2008-2013/R03/;https://diffusion.mffp.gouv.qc.ca/diffusion/fec/documents_passes/Possibilites_forestieres/2008-2013/R03/FIC_03153.pdf;031-53
2008-2013;03351;03;160500;600;0;600;39800;63200;6400;3500;0;274600;https://diffusion.mffp.gouv.qc.ca/diffusion/fec/documents_passes/Possibilites_forestieres/2008-2013/R03/;https://diffusion.mffp.gouv.qc.ca/diffusion/fec/documents_passes/Possibilites_forestieres/2008-2013/R03/FIC_03351.pdf;033-51
2008-2013;03451;03;13500;300;1500;0;100;0;1000;6200;300;22900;https://diffusion.mffp.gouv.qc.ca/diffusion/fec/documents_passes/Possibilites_forestieres/2008-2013/R03/;https://diffusion.mffp.gouv.qc.ca/diffusion/fec/documents_passes/Possibilites_forestieres/2008-2013/R03/FIC_03451.pdf;034-51
2008-2013;03452;03;40800;1500;100;100;7400;8000;9600;24600;1000;93100;https://diffusion.mffp.gouv.qc.ca/diffusion/fec/documents_passes/Possibilites_forestieres/2008-2013/R06/;https://diffusion.mffp.gouv.qc.ca/diffusion/fec/documents_passes/Possibilites_forestieres/2008-2013/R06/FIC_03452.pdf;034-52
2008-2013;03551;03;116400;4300;0;0;19400;13100;6100;11400;100;170800;https://diffusion.mffp.gouv.qc.ca/diffusion/fec/documents_passes/Possibilites_forestieres/2008-2013/R03/;https://diffusion.mffp.gouv.qc.ca/diffusion/fec/documents_passes/Possibilites_forestieres/2008-2013/R03/FIC_03551.pdf;035-51
2008-2013;04151;04;429400;22200;600;6100;98100;105700;60800;89900;9900;822700;https://diffusion.mffp.gouv.qc.ca/diffusion/fec/documents_passes/Possibilites_forestieres/2008-2013/R04/;https://diffusion.mffp.gouv.qc.ca/diffusion/fec/documents_passes/Possibilites_forestieres/2008-2013/R04/FIC_04151.pdf;041-51
2008-2013;04251;04;652200;5100;0;5200;137100;263700;59800;32200;1000;1156300;https://diffusion.mffp.gouv.qc.ca/diffusion/fec/documents_passes/Possibilites_forestieres/2008-2013/R04/;https://diffusion.mffp.gouv.qc.ca/diffusion/fec/documents_passes/Possibilites_forestieres/2008-2013/R04/FIC_04251.pdf;042-51
2008-2013;04351;04;736300;0;0;100;152400;224300;1100;1000;0;1115200;https://diffusion.mffp.gouv.qc.ca/diffusion/fec/documents_passes/Possibilites_forestieres/2008-2013/R04/;https://diffusion.mffp.gouv.qc.ca/diffusion/fec/documents_passes/Possibilites_forestieres/2008-2013/R04/FIC_04351.pdf;043-51
2008-2013;04352;04;568700;2300;0;2500;149000;236100;43800;25300;200;1027900;https://diffusion.mffp.gouv.qc.ca/diffusion/fec/documents_passes/Possibilites_forestieres/2008-2013/R04/;https://diffusion.mffp.gouv.qc.ca/diffusion/fec/documents_passes/Possibilites_forestieres/2008-2013/R04/FIC_04352.pdf;043-52
2008-2013;06151;06;11400;2000;3400;700;4000;4900;7000;33000;8300;74700;https://diffusion.mffp.gouv.qc.ca/diffusion/fec/documents_passes/Possibilites_forestieres/2008-2013/R06/;https://diffusion.mffp.gouv.qc.ca/diffusion/fec/documents_passes/Possibilites_forestieres/2008-2013/R06/FIC_06151.pdf;061-51
2008-2013;06152;06;71500;2200;300;1000;11000;25900;25800;43300;4400;185400;https://diffusion.mffp.gouv.qc.ca/diffusion/fec/documents_passes/Possibilites_forestieres/2008-2013/R06/;https://diffusion.mffp.gouv.qc.ca/diffusion/fec/documents_passes/Possibilites_forestieres/2008-2013/R06/FIC_06152.pdf;061-52
2008-2013;06251;06;95300;9400;100;2400;45200;55200;21500;42200;3000;274300;https://diffusion.mffp.gouv.qc.ca/diffusion/fec/documents_passes/Possibilites_forestieres/2008-2013/R06/;https://diffusion.mffp.gouv.qc.ca/diffusion/fec/documents_passes/Possibilites_forestieres/2008-2013/R06/FIC_06251.pdf;062-51
2008-2013;06252;06;148700;2200;0;3200;50000;85000;28600;21600;200;339500;https://diffusion.mffp.gouv.qc.ca/diffusion/fec/documents_passes/Possibilites_forestieres/2008-2013/R06/;https://diffusion.mffp.gouv.qc.ca/diffusion/fec/documents_passes/Possibilites_forestieres/2008-2013/R06/FIC_06252.pdf;062-52
2008-2013;06451;06;503100;14500;1800;7900;96700;233700;139400;148500;23500;1169100;https://diffusion.mffp.gouv.qc.ca/diffusion/fec/documents_passes/Possibilites_forestieres/2008-2013/R06/;https://diffusion.mffp.gouv.qc.ca/diffusion/fec/documents_passes/Possibilites_forestieres/2008-2013/R06/FIC_06451.pdf;064-51
2008-2013;06452;06;35600;5700;14500;5500;10700;12100;24800;89900;22500;221300;https://diffusion.mffp.gouv.qc.ca/diffusion/fec/documents_passes/Possibilites_forestieres/2008-2013/R06/;https://diffusion.mffp.gouv.qc.ca/diffusion/fec/documents_passes/Possibilites_forestieres/2008-2013/R06/FIC_06452.pdf;064-52
2008-2013;07151;07;41300;6100;5900;43400;35500;18500;18400;82700;40200;292000;https://diffusion.mffp.gouv.qc.ca/diffusion/fec/documents_passes/Possibilites_forestieres/2008-2013/R07/;https://diffusion.mffp.gouv.qc.ca/diffusion/fec/documents_passes/Possibilites_forestieres/2008-2013/R07/FIC_07151.pdf;071-51
2008-2013;07152;07;137900;44300;14100;59300;55300;61300;40100;126800;32700;571800;https://diffusion.mffp.gouv.qc.ca/diffusion/fec/documents_passes/Possibilites_forestieres/2008-2013/R07/;https://diffusion.mffp.gouv.qc.ca/diffusion/fec/documents_passes/Possibilites_forestieres/2008-2013/R07/FIC_07152.pdf;071-52
2008-2013;07251;07;16300;4700;16100;3300;11200;5100;10600;55500;21400;144200;https://diffusion.mffp.gouv.qc.ca/diffusion/fec/documents_passes/Possibilites_forestieres/2008-2013/R07/;https://diffusion.mffp.gouv.qc.ca/diffusion/fec/documents_passes/Possibilites_forestieres/2008-2013/R07/FIC_07251.pdf;072-51
2008-2013;07351;07;120000;20000;9200;28200;64400;34500;38100;142200;50400;507000;https://diffusion.mffp.gouv.qc.ca/diffusion/fec/documents_passes/Possibilites_forestieres/2008-2013/R07/;https://diffusion.mffp.gouv.qc.ca/diffusion/fec/documents_passes/Possibilites_forestieres/2008-2013/R07/FIC_07351.pdf;073-51
2008-2013;07352;07;156100;15600;0;10600;26900;73100;38500;51000;1500;373300;https://diffusion.mffp.gouv.qc.ca/diffusion/fec/documents_passes/Possibilites_forestieres/2008-2013/R07/;https://diffusion.mffp.gouv.qc.ca/diffusion/fec/documents_passes/Possibilites_forestieres/2008-2013/R07/FIC_07352.pdf;073-52
2008-2013;07451;07;280700;13300;0;6400;68900;201400;55900;31800;900;659300;https://diffusion.mffp.gouv.qc.ca/diffusion/fec/documents_passes/Possibilites_forestieres/2008-2013/R07/;https://diffusion.mffp.gouv.qc.ca/diffusion/fec/documents_passes/Possibilites_forestieres/2008-2013/R07/FIC_07451.pdf;074-51
2008-2013;08151;08;93600;40300;17700;75600;23900;35100;63700;102600;23100;475600;https://diffusion.mffp.gouv.qc.ca/diffusion/fec/documents_passes/Possibilites_forestieres/2008-2013/R08/;https://diffusion.mffp.gouv.qc.ca/diffusion/fec/documents_passes/Possibilites_forestieres/2008-2013/R08/FIC_08151.pdf;081-51
2008-2013;08152;08;224200;42800;10800;64100;69400;139500;59000;63600;5000;678400;https://diffusion.mffp.gouv.qc.ca/diffusion/fec/documents_passes/Possibilites_forestieres/2008-2013/R08/;https://diffusion.mffp.gouv.qc.ca/diffusion/fec/documents_passes/Possibilites_forestieres/2008-2013/R08/FIC_08152.pdf;081-52
2008-2013;08251;08;249000;4300;0;2500;121100;65200;4000;2000;100;448200;https://diffusion.mffp.gouv.qc.ca/diffusion/fec/documents_passes/Possibilites_forestieres/2008-2013/R08/;https://diffusion.mffp.gouv.qc.ca/diffusion/fec/documents_passes/Possibilites_forestieres/2008-2013/R08/FIC_08251.pdf;082-51
2008-2013;08351;08;560700;20900;0;13300;112500;194500;28100;12600;0;942600;https://diffusion.mffp.gouv.qc.ca/diffusion/fec/documents_passes/Possibilites_forestieres/2008-2013/R08/;https://diffusion.mffp.gouv.qc.ca/diffusion/fec/documents_passes/Possibilites_forestieres/2008-2013/R08/FIC_08351.pdf;083-51
2008-2013;08451;08;489900;0;0;0;75100;62000;100;200;0;627300;https://diffusion.mffp.gouv.qc.ca/diffusion/fec/documents_passes/Possibilites_forestieres/2008-2013/R08/;https://diffusion.mffp.gouv.qc.ca/diffusion/fec/documents_passes/Possibilites_forestieres/2008-2013/R08/FIC_08451.pdf;084-51
2008-2013;08462;08;131900;0;0;0;14800;31000;0;0;0;177700;https://diffusion.mffp.gouv.qc.ca/diffusion/fec/documents_passes/Possibilites_forestieres/2008-2013/R08/;https://diffusion.mffp.gouv.qc.ca/diffusion/fec/documents_passes/Possibilites_forestieres/2008-2013/R08/FIC_08462.pdf;084-62
2008-2013;08551;08;556400;0;0;0;81400;12700;0;0;0;650500;https://diffusion.mffp.gouv.qc.ca/diffusion/fec/documents_passes/Possibilites_forestieres/2008-2013/R10/;https://diffusion.mffp.gouv.qc.ca/diffusion/fec/documents_passes/Possibilites_forestieres/2008-2013/R10/FIC_08551.pdf;085-51
2008-2013;08562;08;19300;0;0;0;2200;100;0;0;0;21600;https://diffusion.mffp.gouv.qc.ca/diffusion/fec/documents_passes/Possibilites_forestieres/2008-2013/R10/;https://diffusion.mffp.gouv.qc.ca/diffusion/fec/documents_passes/Possibilites_forestieres/2008-2013/R10/FIC_08562.pdf;085-62
2008-2013;08651;08;280700;0;0;0;77100;22000;0;100;0;379900;https://diffusion.mffp.gouv.qc.ca/diffusion/fec/documents_passes/Possibilites_forestieres/2008-2013/R08/;https://diffusion.mffp.gouv.qc.ca/diffusion/fec/documents_passes/Possibilites_forestieres/2008-2013/R08/FIC_08651.pdf;086-51
2008-2013;08652;08;247700;0;0;0;53300;4100;0;0;0;305100;https://diffusion.mffp.gouv.qc.ca/diffusion/fec/documents_passes/Possibilites_forestieres/2008-2013/R10/;https://diffusion.mffp.gouv.qc.ca/diffusion/fec/documents_passes/Possibilites_forestieres/2008-2013/R10/FIC_08652.pdf;086-52
2008-2013;08663;08;99400;0;0;0;3600;1300;0;0;0;104300;https://diffusion.mffp.gouv.qc.ca/diffusion/fec/documents_passes/Possibilites_forestieres/2008-2013/R10/;https://diffusion.mffp.gouv.qc.ca/diffusion/fec/documents_passes/Possibilites_forestieres/2008-2013/R10/FIC_08663.pdf;086-63
2008-2013;08664;08;156500;0;0;0;34600;4000;0;0;0;195100;https://diffusion.mffp.gouv.qc.ca/diffusion/fec/documents_passes/Possibilites_forestieres/2008-2013/R10/;https://diffusion.mffp.gouv.qc.ca/diffusion/fec/documents_passes/Possibilites_forestieres/2008-2013/R10/FIC_08664.pdf;086-64
2008-2013;08665;08;216200;0;0;0;39400;8900;0;0;0;264500;https://diffusion.mffp.gouv.qc.ca/diffusion/fec/documents_passes/Possibilites_forestieres/2008-2013/R10/;https://diffusion.mffp.gouv.qc.ca/diffusion/fec/documents_passes/Possibilites_forestieres/2008-2013/R10/FIC_08665.pdf;086-65
2008-2013;08666;08;252500;0;0;0;15100;11400;0;0;0;279000;https://diffusion.mffp.gouv.qc.ca/diffusion/fec/documents_passes/Possibilites_forestieres/2008-2013/R10/;https://diffusion.mffp.gouv.qc.ca/diffusion/fec/documents_passes/Possibilites_forestieres/2008-2013/R10/FIC_08666.pdf;086-66
2008-2013;08751;08;348100;100;0;0;65500;23900;0;0;0;437600;https://diffusion.mffp.gouv.qc.ca/diffusion/fec/documents_passes/Possibilites_forestieres/2008-2013/R10/;https://diffusion.mffp.gouv.qc.ca/diffusion/fec/documents_passes/Possibilites_forestieres/2008-2013/R10/FIC_08751.pdf;087-51
2008-2013;08762;08;258400;0;0;0;14700;18100;0;0;0;291200;https://diffusion.mffp.gouv.qc.ca/diffusion/fec/documents_passes/Possibilites_forestieres/2008-2013/R10/;https://diffusion.mffp.gouv.qc.ca/diffusion/fec/documents_passes/Possibilites_forestieres/2008-2013/R10/FIC_08762.pdf;087-62
2008-2013;08763;08;214500;0;0;0;39300;17000;0;0;0;270800;https://diffusion.mffp.gouv.qc.ca/diffusion/fec/documents_passes/Possibilites_forestieres/2008-2013/R10/;https://diffusion.mffp.gouv.qc.ca/diffusion/fec/documents_passes/Possibilites_forestieres/2008-2013/R10/FIC_08763.pdf;087-63
2008-2013;08764;08;211500;0;0;0;19000;8900;0;0;0;239400;https://diffusion.mffp.gouv.qc.ca/diffusion/fec/documents_passes/Possibilites_forestieres/2008-2013/R10/;https://diffusion.mffp.gouv.qc.ca/diffusion/fec/documents_passes/Possibilites_forestieres/2008-2013/R10/FIC_08764.pdf;087-64
2008-2013;09351;09;1192600;0;0;0;58200;83200;0;0;0;1334000;https://diffusion.mffp.gouv.qc.ca/diffusion/fec/documents_passes/Possibilites_forestieres/2008-2013/R09/;https://diffusion.mffp.gouv.qc.ca/diffusion/fec/documents_passes/Possibilites_forestieres/2008-2013/R09/FIC_09351.pdf;093-51
2008-2013;09352;09;434400;0;0;0;2700;17400;0;0;0;454500;https://diffusion.mffp.gouv.qc.ca/diffusion/fec/documents_passes/Possibilites_forestieres/2008-2013/R09/;https://diffusion.mffp.gouv.qc.ca/diffusion/fec/documents_passes/Possibilites_forestieres/2008-2013/R09/FIC_09352.pdf;093-52
2008-2013;09451;09;523000;0;0;0;11700;18200;0;0;0;552900;https://diffusion.mffp.gouv.qc.ca/diffusion/fec/documents_passes/Possibilites_forestieres/2008-2013/R09/;https://diffusion.mffp.gouv.qc.ca/diffusion/fec/documents_passes/Possibilites_forestieres/2008-2013/R09/FIC_09451.pdf;094-51
2008-2013;09452;09;540000;0;0;0;2700;15700;0;0;0;558400;https://diffusion.mffp.gouv.qc.ca/diffusion/fec/documents_passes/Possibilites_forestieres/2008-2013/R09/;https://diffusion.mffp.gouv.qc.ca/diffusion/fec/documents_passes/Possibilites_forestieres/2008-2013/R09/FIC_09452.pdf;094-52
2008-2013;09551;09;115100;0;0;0;0;1200;0;0;0;116300;https://diffusion.mffp.gouv.qc.ca/diffusion/fec/documents_passes/Possibilites_forestieres/2008-2013/R09/;https://diffusion.mffp.gouv.qc.ca/diffusion/fec/documents_passes/Possibilites_forestieres/2008-2013/R09/FIC_09551.pdf;095-51
2008-2013;09751;09;685000;0;0;0;108700;131100;9300;2700;0;936800;https://diffusion.mffp.gouv.qc.ca/diffusion/fec/documents_passes/Possibilites_forestieres/2008-2013/R09/;https://diffusion.mffp.gouv.qc.ca/diffusion/fec/documents_passes/Possibilites_forestieres/2008-2013/R09/FIC_09751.pdf;097-51
2008-2013;11151;11;117700;400;0;0;900;8900;1000;200;0;129100;https://diffusion.mffp.gouv.qc.ca/diffusion/fec/documents_passes/Possibilites_forestieres/2008-2013/R01/;https://diffusion.mffp.gouv.qc.ca/diffusion/fec/documents_passes/Possibilites_forestieres/2008-2013/R01/FIC_11151.pdf;111-51
2008-2013;11152;11;86700;900;0;0;1300;9200;5100;4200;0;107400;https://diffusion.mffp.gouv.qc.ca/diffusion/fec/documents_passes/Possibilites_forestieres/2008-2013/R11/;https://diffusion.mffp.gouv.qc.ca/diffusion/fec/documents_passes/Possibilites_forestieres/2008-2013/R11/FIC_11152.pdf;111-52
2008-2013;11153;11;267700;2600;0;0;34700;42600;6400;3800;0;357800;https://diffusion.mffp.gouv.qc.ca/diffusion/fec/documents_passes/Possibilites_forestieres/2008-2013/R11/;https://diffusion.mffp.gouv.qc.ca/diffusion/fec/documents_passes/Possibilites_forestieres/2008-2013/R11/FIC_11153.pdf;111-53
2008-2013;11154;11;62400;1400;0;100;6100;10500;2800;1500;0;84800;https://diffusion.mffp.gouv.qc.ca/diffusion/fec/documents_passes/Possibilites_forestieres/2008-2013/R11/;https://diffusion.mffp.gouv.qc.ca/diffusion/fec/documents_passes/Possibilites_forestieres/2008-2013/R11/FIC_11154.pdf;111-54
2008-2013;11255;11;339200;8400;0;0;60500;66700;8500;7800;0;491100;https://diffusion.mffp.gouv.qc.ca/diffusion/fec/documents_passes/Possibilites_forestieres/2008-2013/R11/;https://diffusion.mffp.gouv.qc.ca/diffusion/fec/documents_passes/Possibilites_forestieres/2008-2013/R11/FIC_11255.pdf;112-55
2008-2013;11256;11;254200;8300;0;0;23000;31900;300;700;0;318400;https://diffusion.mffp.gouv.qc.ca/diffusion/fec/documents_passes/Possibilites_forestieres/2008-2013/R11/;https://diffusion.mffp.gouv.qc.ca/diffusion/fec/documents_passes/Possibilites_forestieres/2008-2013/R11/FIC_11256.pdf;112-56
2008-2013;11257;11;80800;1400;0;0;4400;11100;700;1800;0;100200;https://diffusion.mffp.gouv.qc.ca/diffusion/fec/documents_passes/Possibilites_forestieres/2008-2013/R11/;https://diffusion.mffp.gouv.qc.ca/diffusion/fec/documents_passes/Possibilites_forestieres/2008-2013/R11/FIC_11257.pdf;112-57
2013-2018;01151;01;74900;7600;0;500;25400;19300;10000;18100;1000;156800;https://diffusion.mffp.gouv.qc.ca/diffusion/fec/documents_passes/Possibilites_forestieres/2015-2018/R01/;https://diffusion.mffp.gouv.qc.ca/diffusion/fec/documents_passes/Possibilites_forestieres/2015-2018/R01/01151_Rapport_Determination.pdf;011-51
2013-2018;01152;01;72100;6600;0;300;15300;11900;13600;32100;3500;155400;https://diffusion.mffp.gouv.qc.ca/diffusion/fec/documents_passes/Possibilites_forestieres/2015-2018/R01/;https://diffusion.mffp.gouv.qc.ca/diffusion/fec/documents_passes/Possibilites_forestieres/2015-2018/R01/01152_Rapport_Determination.pdf;011-52
2013-2018;01251;01;100400;4000;0;200;6800;13200;7200;8300;100;140200;https://diffusion.mffp.gouv.qc.ca/diffusion/fec/documents_passes/Possibilites_forestieres/2015-2018/R01/;https://diffusion.mffp.gouv.qc.ca/diffusion/fec/documents_passes/Possibilites_forestieres/2015-2018/R01/01251_Rapport_Determination.pdf;012-51
2013-2018;01252;01;105300;5700;0;500;4700;11100;4100;3400;0;134800;https://diffusion.mffp.gouv.qc.ca/diffusion/fec/documents_passes/Possibilites_forestieres/2015-2018/R01/;https://diffusion.mffp.gouv.qc.ca/diffusion/fec/documents_passes/Possibilites_forestieres/2015-2018/R01/01252_Rapport_Determination.pdf;012-52
2013-2018;01253;01;259400;6300;0;700;15700;31700;12400;26200;200;352600;https://diffusion.mffp.gouv.qc.ca/diffusion/fec/documents_passes/Possibilites_forestieres/2015-2018/R01/;https://diffusion.mffp.gouv.qc.ca/diffusion/fec/documents_passes/Possibilites_forestieres/2015-2018/R01/01253_Rapport_Determination.pdf;012-53
2013-2018;01254;01;162200;12500;0;1100;16200;19500;5900;3100;0;220500;https://diffusion.mffp.gouv.qc.ca/diffusion/fec/documents_passes/Possibilites_forestieres/2015-2018/R01/;https://diffusion.mffp.gouv.qc.ca/diffusion/fec/documents_passes/Possibilites_forestieres/2015-2018/R01/01254_Rapport_Determination.pdf;012-54
2013-2018;02251;02;422400;0;0;400;102600;87000;4600;3300;100;620400;https://diffusion.mffp.gouv.qc.ca/diffusion/fec/documents_passes/Possibilites_forestieres/2015-2018/R02/;https://diffusion.mffp.gouv.qc.ca/diffusion/fec/documents_passes/Possibilites_forestieres/2015-2018/R02/02251_Rapport_Determination.pdf;022-51
2013-2018;02351;02;199400;0;0;300;46100;68700;11500;1600;200;327800;https://diffusion.mffp.gouv.qc.ca/diffusion/fec/documents_passes/Possibilites_forestieres/2015-2018/R02/;https://diffusion.mffp.gouv.qc.ca/diffusion/fec/documents_passes/Possibilites_forestieres/2015-2018/R02/02351_Rapport_Determination.pdf;023-51
2013-2018;02352;02;796000;100;0;1200;90700;104800;19400;4100;200;1016500;https://diffusion.mffp.gouv.qc.ca/diffusion/fec/documents_passes/Possibilites_forestieres/2015-2018/R02/;https://diffusion.mffp.gouv.qc.ca/diffusion/fec/documents_passes/Possibilites_forestieres/2015-2018/R02/02352_Rapport_Determination.pdf;023-52
2013-2018;02451;02;691300;0;0;300;28600;108200;6300;2700;0;837400;https://diffusion.mffp.gouv.qc.ca/diffusion/fec/documents_passes/Possibilites_forestieres/2015-2018/R02/;https://diffusion.mffp.gouv.qc.ca/diffusion/fec/documents_passes/Possibilites_forestieres/2015-2018/R02/02451_Rapport_Determination.pdf;024-51
2013-2018;02452;02;687000;0;0;100;26400;86100;8400;1500;0;809500;https://diffusion.mffp.gouv.qc.ca/diffusion/fec/documents_passes/Possibilites_forestieres/2015-2018/R02/;https://diffusion.mffp.gouv.qc.ca/diffusion/fec/documents_passes/Possibilites_forestieres/2015-2018/R02/02452_Rapport_Determination.pdf;024-52
2013-2018;02551;02;1998900;0;0;0;128000;181500;200;1500;600;2310700;https://diffusion.mffp.gouv.qc.ca/diffusion/fec/documents_passes/Possibilites_forestieres/2015-2018/R02/;https://diffusion.mffp.gouv.qc.ca/diffusion/fec/documents_passes/Possibilites_forestieres/2015-2018/R02/02551_Rapport_Determination.pdf;025-51
2013-2018;02651;02;148100;0;0;0;7700;13400;0;0;0;169200;https://diffusion.mffp.gouv.qc.ca/diffusion/fec/documents_passes/Possibilites_forestieres/2015-2018/R04/;https://diffusion.mffp.gouv.qc.ca/diffusion/fec/documents_passes/Possibilites_forestieres/2015-2018/R04/02651_Rapport_Determination.pdf;026-51
2013-2018;02661;02;129400;0;0;0;4000;5900;0;0;0;139300;https://diffusion.mffp.gouv.qc.ca/diffusion/fec/documents_passes/Possibilites_forestieres/2015-2018/R10/;https://diffusion.mffp.gouv.qc.ca/diffusion/fec/documents_passes/Possibilites_forestieres/2015-2018/R10/02661_Rapport_determination_v3.0.pdf;026-61
2013-2018;02662;02;108400;100;0;0;3300;11200;0;0;0;123000;https://diffusion.mffp.gouv.qc.ca/diffusion/fec/documents_passes/Possibilites_forestieres/2015-2018/R10/;https://diffusion.mffp.gouv.qc.ca/diffusion/fec/documents_passes/Possibilites_forestieres/2015-2018/R10/02662_Rapport_determination_v3.0.pdf;026-62
2013-2018;02663;02;130300;0;0;0;5700;4600;0;0;0;140600;https://diffusion.mffp.gouv.qc.ca/diffusion/fec/documents_passes/Possibilites_forestieres/2015-2018/R10/;https://diffusion.mffp.gouv.qc.ca/diffusion/fec/documents_passes/Possibilites_forestieres/2015-2018/R10/02663_Rapport_determination_v3.0.pdf;026-63
2013-2018;02664;02;283300;300;0;0;8600;19300;0;0;0;311500;https://diffusion.mffp.gouv.qc.ca/diffusion/fec/documents_passes/Possibilites_forestieres/2015-2018/R10/;https://diffusion.mffp.gouv.qc.ca/diffusion/fec/documents_passes/Possibilites_forestieres/2015-2018/R10/02664_Rapport_determination_v3.0.pdf;026-64
2013-2018;02665;02;214900;100;0;100;9700;9500;0;0;0;234300;https://diffusion.mffp.gouv.qc.ca/diffusion/fec/documents_passes/Possibilites_forestieres/2015-2018/R10/;https://diffusion.mffp.gouv.qc.ca/diffusion/fec/documents_passes/Possibilites_forestieres/2015-2018/R10/02665_Rapport_determination_v3.0.pdf;026-65
2013-2018;02666;02;154000;100;0;0;10000;9600;0;0;0;173700;https://diffusion.mffp.gouv.qc.ca/diffusion/fec/documents_passes/Possibilites_forestieres/2015-2018/R10/;https://diffusion.mffp.gouv.qc.ca/diffusion/fec/documents_passes/Possibilites_forestieres/2015-2018/R10/02666_Rapport_determination_v3.0.pdf;026-66
2013-2018;02751;02;881400;0;0;100;73500;108900;1200;1500;200;1066800;https://diffusion.mffp.gouv.qc.ca/diffusion/fec/documents_passes/Possibilites_forestieres/2015-2018/R02/;https://diffusion.mffp.gouv.qc.ca/diffusion/fec/documents_passes/Possibilites_forestieres/2015-2018/R02/02751_Rapport_Determination.pdf;027-51
2013-2018;03151;03;65300;0;0;0;13600;20500;23700;11600;2400;137100;https://diffusion.mffp.gouv.qc.ca/diffusion/fec/documents_passes/Possibilites_forestieres/2015-2018/R03/;https://diffusion.mffp.gouv.qc.ca/diffusion/fec/documents_passes/Possibilites_forestieres/2015-2018/R03/03151_Rapport_Determination.pdf;031-51
2013-2018;03152;03;61900;0;0;0;400;19000;6700;900;800;89700;https://diffusion.mffp.gouv.qc.ca/diffusion/fec/documents_passes/Possibilites_forestieres/2015-2018/R03/;https://diffusion.mffp.gouv.qc.ca/diffusion/fec/documents_passes/Possibilites_forestieres/2015-2018/R03/03152_Rapport_Determination.pdf;031-52
2013-2018;03153;03;50400;0;0;0;0;6300;0;0;0;56700;https://diffusion.mffp.gouv.qc.ca/diffusion/fec/documents_passes/Possibilites_forestieres/2015-2018/R03/;https://diffusion.mffp.gouv.qc.ca/diffusion/fec/documents_passes/Possibilites_forestieres/2015-2018/R03/03153_Rapport_Determination.pdf;031-53
2013-2018;03351;03;129400;1400;0;1600;35500;47300;7200;8800;300;231500;https://diffusion.mffp.gouv.qc.ca/diffusion/fec/documents_passes/Possibilites_forestieres/2015-2018/R03/;https://diffusion.mffp.gouv.qc.ca/diffusion/fec/documents_passes/Possibilites_forestieres/2015-2018/R03/03351_Rapport_Determination.pdf;033-51
2013-2018;03451;03;7000;900;1700;0;100;100;1800;5200;400;17200;https://diffusion.mffp.gouv.qc.ca/diffusion/fec/documents_passes/Possibilites_forestieres/2015-2018/R12/;https://diffusion.mffp.gouv.qc.ca/diffusion/fec/documents_passes/Possibilites_forestieres/2015-2018/R12/03451_Rapport_determination_v3.0.pdf;034-51
2013-2018;03453;03;6100;500;0;0;900;1600;2600;3500;300;15500;https://diffusion.mffp.gouv.qc.ca/diffusion/fec/documents_passes/Possibilites_forestieres/2015-2018/R12/;https://diffusion.mffp.gouv.qc.ca/diffusion/fec/documents_passes/Possibilites_forestieres/2015-2018/R12/03453_Rapport_determination_v3.0.pdf;034-53
2013-2018;03551;03;93100;7600;0;0;17300;13000;7400;14400;700;153500;https://diffusion.mffp.gouv.qc.ca/diffusion/fec/documents_passes/Possibilites_forestieres/2015-2018/R12/;https://diffusion.mffp.gouv.qc.ca/diffusion/fec/documents_passes/Possibilites_forestieres/2015-2018/R12/03551_Rapport_determination_v3.0.pdf;035-51
2013-2018;04151;04;374500;33200;1900;15800;69700;106900;66400;99700;14200;782300;https://diffusion.mffp.gouv.qc.ca/diffusion/fec/documents_passes/Possibilites_forestieres/2015-2018/R04/;https://diffusion.mffp.gouv.qc.ca/diffusion/fec/documents_passes/Possibilites_forestieres/2015-2018/R04/04151_Rapport_Determination.pdf;041-51
2013-2018;04251;04;510500;6200;0;5600;99400;203800;65800;37500;1400;930200;https://diffusion.mffp.gouv.qc.ca/diffusion/fec/documents_passes/Possibilites_forestieres/2015-2018/R04/;https://diffusion.mffp.gouv.qc.ca/diffusion/fec/documents_passes/Possibilites_forestieres/2015-2018/R04/04251_Rapport_Determination.pdf;042-51
2013-2018;04351;04;634700;0;0;0;134600;194200;2300;1300;0;967100;https://diffusion.mffp.gouv.qc.ca/diffusion/fec/documents_passes/Possibilites_forestieres/2015-2018/R04/;https://diffusion.mffp.gouv.qc.ca/diffusion/fec/documents_passes/Possibilites_forestieres/2015-2018/R04/04351_Rapport_Determination.pdf;043-51
2013-2018;04352;04;587200;7400;0;6800;181200;262600;43900;37500;2100;1128700;https://diffusion.mffp.gouv.qc.ca/diffusion/fec/documents_passes/Possibilites_forestieres/2015-2018/R04/;https://diffusion.mffp.gouv.qc.ca/diffusion/fec/documents_passes/Possibilites_forestieres/2015-2018/R04/04352_Rapport_Determination.pdf;043-52
2013-2018;05151;05;17400;1700;100;200;3000;4900;9100;19300;1200;56900;https://diffusion.mffp.gouv.qc.ca/diffusion/fec/documents_passes/Possibilites_forestieres/2015-2018/R05/;https://diffusion.mffp.gouv.qc.ca/diffusion/fec/documents_passes/Possibilites_forestieres/2015-2018/R05/05151_Rapport_Determination.pdf;051-51
2013-2018;06151;06;11200;2100;3400;700;6700;3900;8100;36500;11600;84200;https://diffusion.mffp.gouv.qc.ca/diffusion/fec/documents_passes/Possibilites_forestieres/2015-2018/R15/;https://diffusion.mffp.gouv.qc.ca/diffusion/fec/documents_passes/Possibilites_forestieres/2015-2018/R15/06151_Rapport_determination_v3.0.pdf;061-51
2013-2018;06152;06;60400;2100;900;600;9200;32900;31700;39100;3700;180600;https://diffusion.mffp.gouv.qc.ca/diffusion/fec/documents_passes/Possibilites_forestieres/2015-2018/R15/;https://diffusion.mffp.gouv.qc.ca/diffusion/fec/documents_passes/Possibilites_forestieres/2015-2018/R15/06152_Rapport_determination_v3.0.pdf;061-52
2013-2018;06251;06;91900;13200;400;4400;37400;49400;24000;50100;4500;275300;https://diffusion.mffp.gouv.qc.ca/diffusion/fec/documents_passes/Possibilites_forestieres/2015-2018/R14/;https://diffusion.mffp.gouv.qc.ca/diffusion/fec/documents_passes/Possibilites_forestieres/2015-2018/R14/06251_Rapport_determination_v3.0.pdf;062-51
2013-2018;06252;06;143200;6200;0;3700;55500;77100;28600;23200;300;337800;https://diffusion.mffp.gouv.qc.ca/diffusion/fec/documents_passes/Possibilites_forestieres/2015-2018/R14/;https://diffusion.mffp.gouv.qc.ca/diffusion/fec/documents_passes/Possibilites_forestieres/2015-2018/R14/06252_Rapport_determination_v3.0.pdf;062-52
2013-2018;06451;06;575400;33000;3100;14400;84200;310600;138900;145100;33800;1338500;https://diffusion.mffp.gouv.qc.ca/diffusion/fec/documents_passes/Possibilites_forestieres/2015-2018/R15/;https://diffusion.mffp.gouv.qc.ca/diffusion/fec/documents_passes/Possibilites_forestieres/2015-2018/R15/06451_Rapport_determination_v3.0.pdf;064-51
2013-2018;06452;06;24200;6300;12200;3600;18000;7300;22300;65200;31200;190300;https://diffusion.mffp.gouv.qc.ca/diffusion/fec/documents_passes/Possibilites_forestieres/2015-2018/R15/;https://diffusion.mffp.gouv.qc.ca/diffusion/fec/documents_passes/Possibilites_forestieres/2015-2018/R15/06452_Rapport_determination_v3.0.pdf;064-52
2013-2018;07151;07;41500;6700;4900;47700;35100;14100;21600;74300;65300;311200;https://diffusion.mffp.gouv.qc.ca/diffusion/fec/documents_passes/Possibilites_forestieres/2015-2018/R07/;https://diffusion.mffp.gouv.qc.ca/diffusion/fec/documents_passes/Possibilites_forestieres/2015-2018/R07/07151_Rapport_determination_v3.0.pdf;071-51
2013-2018;07152;07;174000;40400;5000;77800;82500;79700;69300;116900;38400;684000;https://diffusion.mffp.gouv.qc.ca/diffusion/fec/documents_passes/Possibilites_forestieres/2015-2018/R07/;https://diffusion.mffp.gouv.qc.ca/diffusion/fec/documents_passes/Possibilites_forestieres/2015-2018/R07/07152_Rapport_determination_v3.0.pdf;071-52
2013-2018;07251;07;10500;4900;13400;2600;12600;4000;8200;34100;15800;106100;https://diffusion.mffp.gouv.qc.ca/diffusion/fec/documents_passes/Possibilites_forestieres/2015-2018/R07/;https://diffusion.mffp.gouv.qc.ca/diffusion/fec/documents_passes/Possibilites_forestieres/2015-2018/R07/07251_Rapport_determination_v3.0.pdf;072-51
2013-2018;07351;07;107700;20400;3400;40700;84200;50100;53600;136900;64000;561000;https://diffusion.mffp.gouv.qc.ca/diffusion/fec/documents_passes/Possibilites_forestieres/2015-2018/R07/;https://diffusion.mffp.gouv.qc.ca/diffusion/fec/documents_passes/Possibilites_forestieres/2015-2018/R07/07351_Rapport_determination_v3.0.pdf;073-51
2013-2018;07352;07;128700;19100;300;28000;20900;83600;46200;50300;1400;378500;https://diffusion.mffp.gouv.qc.ca/diffusion/fec/documents_passes/Possibilites_forestieres/2015-2018/R07/;https://diffusion.mffp.gouv.qc.ca/diffusion/fec/documents_passes/Possibilites_forestieres/2015-2018/R07/07352_Rapport_determination_v3.0.pdf;073-52
2013-2018;07451;07;385800;46900;0;24500;88000;261100;56600;49400;2200;914500;https://diffusion.mffp.gouv.qc.ca/diffusion/fec/documents_passes/Possibilites_forestieres/2015-2018/R07/;https://diffusion.mffp.gouv.qc.ca/diffusion/fec/documents_passes/Possibilites_forestieres/2015-2018/R07/07451_Rapport_determination_v3.0.pdf;074-51
2013-2018;08151;08;82400;37500;21400;44600;29600;33300;60500;69100;21400;399800;https://diffusion.mffp.gouv.qc.ca/diffusion/fec/documents_passes/Possibilites_forestieres/2015-2018/R08/;https://diffusion.mffp.gouv.qc.ca/diffusion/fec/documents_passes/Possibilites_forestieres/2015-2018/R08/08151_Rapport_determination_v3.0.pdf;081-51
2013-2018;08152;08;220400;41800;6500;67500;72700;156900;51300;55300;4400;676800;https://diffusion.mffp.gouv.qc.ca/diffusion/fec/documents_passes/Possibilites_forestieres/2015-2018/R08/;https://diffusion.mffp.gouv.qc.ca/diffusion/fec/documents_passes/Possibilites_forestieres/2015-2018/R08/08152_Rapport_determination_v3.0.pdf;081-52
2013-2018;08251;08;321700;10800;0;4800;150100;76000;4200;4500;1000;573100;https://diffusion.mffp.gouv.qc.ca/diffusion/fec/documents_passes/Possibilites_forestieres/2015-2018/R08/;https://diffusion.mffp.gouv.qc.ca/diffusion/fec/documents_passes/Possibilites_forestieres/2015-2018/R08/08251_Rapport_determination_v3.0.pdf;082-51
2013-2018;08351;08;587400;30300;0;17600;101200;203900;16600;16100;200;973300;https://diffusion.mffp.gouv.qc.ca/diffusion/fec/documents_passes/Possibilites_forestieres/2015-2018/R08/;https://diffusion.mffp.gouv.qc.ca/diffusion/fec/documents_passes/Possibilites_forestieres/2015-2018/R08/08351_Rapport_determination_v3.0.pdf;083-51
2013-2018;08451;08;592300;600;0;200;98300;102900;200;2600;0;797100;https://diffusion.mffp.gouv.qc.ca/diffusion/fec/documents_passes/Possibilites_forestieres/2015-2018/R08/;https://diffusion.mffp.gouv.qc.ca/diffusion/fec/documents_passes/Possibilites_forestieres/2015-2018/R08/08451_Rapport_determination_v3.0.pdf;084-51
2013-2018;08462;08;193500;600;0;500;27600;34200;200;1000;100;257700;https://diffusion.mffp.gouv.qc.ca/diffusion/fec/documents_passes/Possibilites_forestieres/2015-2018/R08/;https://diffusion.mffp.gouv.qc.ca/diffusion/fec/documents_passes/Possibilites_forestieres/2015-2018/R08/08462_Rapport_determination_v3.0.pdf;084-62
2013-2018;08551;08;522400;0;0;0;144000;14100;0;0;0;680500;https://diffusion.mffp.gouv.qc.ca/diffusion/fec/documents_passes/Possibilites_forestieres/2015-2018/R10/;https://diffusion.mffp.gouv.qc.ca/diffusion/fec/documents_passes/Possibilites_forestieres/2015-2018/R10/08551_Rapport_Determination_v3.0.pdf;085-51
2013-2018;08562;08;16100;0;0;0;600;200;0;0;0;16900;https://diffusion.mffp.gouv.qc.ca/diffusion/fec/documents_passes/Possibilites_forestieres/2015-2018/R10/;https://diffusion.mffp.gouv.qc.ca/diffusion/fec/documents_passes/Possibilites_forestieres/2015-2018/R10/08562_Rapport_determination_v3.0.pdf;085-62
2013-2018;08651;08;307700;600;0;300;135300;31500;100;1400;0;476900;https://diffusion.mffp.gouv.qc.ca/diffusion/fec/documents_passes/Possibilites_forestieres/2015-2018/R08/;https://diffusion.mffp.gouv.qc.ca/diffusion/fec/documents_passes/Possibilites_forestieres/2015-2018/R08/08651_Rapport_determination_v3.0.pdf;086-51
2013-2018;08652;08;253500;0;0;0;92900;6800;0;0;0;353200;https://diffusion.mffp.gouv.qc.ca/diffusion/fec/documents_passes/Possibilites_forestieres/2015-2018/R10/;https://diffusion.mffp.gouv.qc.ca/diffusion/fec/documents_passes/Possibilites_forestieres/2015-2018/R10/08652_Rapport_determination_v3.0.pdf;086-52
2013-2018;08663;08;14100;0;0;0;300;0;0;0;0;14400;https://diffusion.mffp.gouv.qc.ca/diffusion/fec/documents_passes/Possibilites_forestieres/2015-2018/R10/;https://diffusion.mffp.gouv.qc.ca/diffusion/fec/documents_passes/Possibilites_forestieres/2015-2018/R10/08663_Rapport_determination_v3.0.pdf;086-63
2013-2018;08664;08;175700;0;0;0;22500;2700;0;0;0;200900;https://diffusion.mffp.gouv.qc.ca/diffusion/fec/documents_passes/Possibilites_forestieres/2015-2018/R10/;https://diffusion.mffp.gouv.qc.ca/diffusion/fec/documents_passes/Possibilites_forestieres/2015-2018/R10/08664_Rapport_determination_v3.0.pdf;086-64
2013-2018;08665;08;267100;0;0;0;40200;4500;0;0;0;311800;https://diffusion.mffp.gouv.qc.ca/diffusion/fec/documents_passes/Possibilites_forestieres/2015-2018/R10/;https://diffusion.mffp.gouv.qc.ca/diffusion/fec/documents_passes/Possibilites_forestieres/2015-2018/R10/08665_Rapport_determination_v3.0.pdf;086-65
2013-2018;08666;08;171800;0;0;0;9000;12000;0;0;0;192800;https://diffusion.mffp.gouv.qc.ca/diffusion/fec/documents_passes/Possibilites_forestieres/2015-2018/R10/;https://diffusion.mffp.gouv.qc.ca/diffusion/fec/documents_passes/Possibilites_forestieres/2015-2018/R10/08666_Rapport_determination_v3.0.pdf;086-66
2013-2018;08751;08;425600;300;0;0;68700;45200;0;500;0;540300;https://diffusion.mffp.gouv.qc.ca/diffusion/fec/documents_passes/Possibilites_forestieres/2015-2018/R10/;https://diffusion.mffp.gouv.qc.ca/diffusion/fec/documents_passes/Possibilites_forestieres/2015-2018/R10/08751_Rapport_determination_v3.0.pdf;087-51
2013-2018;08762;08;233700;0;0;0;17500;16400;0;0;0;267600;https://diffusion.mffp.gouv.qc.ca/diffusion/fec/documents_passes/Possibilites_forestieres/2015-2018/R10/;https://diffusion.mffp.gouv.qc.ca/diffusion/fec/documents_passes/Possibilites_forestieres/2015-2018/R10/08762_Rapport_determination_v3.0.pdf;087-62
2013-2018;08763;08;236500;100;0;0;32900;19400;0;100;0;289000;https://diffusion.mffp.gouv.qc.ca/diffusion/fec/documents_passes/Possibilites_forestieres/2015-2018/R10/;https://diffusion.mffp.gouv.qc.ca/diffusion/fec/documents_passes/Possibilites_forestieres/2015-2018/R10/08763_Rapport_determination_v3.0.pdf;087-63
2013-2018;08764;08;262400;100;0;0;31500;17200;0;0;0;311200;https://diffusion.mffp.gouv.qc.ca/diffusion/fec/documents_passes/Possibilites_forestieres/2015-2018/R10/;https://diffusion.mffp.gouv.qc.ca/diffusion/fec/documents_passes/Possibilites_forestieres/2015-2018/R10/08764_Rapport_determination_v3.0.pdf;087-64
2013-2018;09351;09;1223800;0;0;0;61400;65700;0;9300;4800;1365000;https://diffusion.mffp.gouv.qc.ca/diffusion/fec/documents_passes/Possibilites_forestieres/2015-2018/R09/;https://diffusion.mffp.gouv.qc.ca/diffusion/fec/documents_passes/Possibilites_forestieres/2015-2018/R09/09351_Rapport_determination_v3.0.pdf;093-51
2013-2018;09352;09;377900;0;0;0;4200;28400;0;0;0;410500;https://diffusion.mffp.gouv.qc.ca/diffusion/fec/documents_passes/Possibilites_forestieres/2015-2018/R09/;https://diffusion.mffp.gouv.qc.ca/diffusion/fec/documents_passes/Possibilites_forestieres/2015-2018/R09/09352_Rapport_determination_v3.0.pdf;093-52
2013-2018;09451;09;728700;0;0;0;1800;16800;0;0;0;747300;https://diffusion.mffp.gouv.qc.ca/diffusion/fec/documents_passes/Possibilites_forestieres/2015-2018/R09/;https://diffusion.mffp.gouv.qc.ca/diffusion/fec/documents_passes/Possibilites_forestieres/2015-2018/R09/09451_Rapport_determination_v3.0.pdf;094-51
2013-2018;09452;09;364200;0;0;0;2000;6200;0;0;0;372400;https://diffusion.mffp.gouv.qc.ca/diffusion/fec/documents_passes/Possibilites_forestieres/2015-2018/R09/;https://diffusion.mffp.gouv.qc.ca/diffusion/fec/documents_passes/Possibilites_forestieres/2015-2018/R09/09452_Rapport_determination_v3.0.pdf;094-52
2013-2018;09551;09;121500;0;0;0;200;1500;0;0;0;123200;https://diffusion.mffp.gouv.qc.ca/diffusion/fec/documents_passes/Possibilites_forestieres/2015-2018/R09/;https://diffusion.mffp.gouv.qc.ca/diffusion/fec/documents_passes/Possibilites_forestieres/2015-2018/R09/09551_Rapport_determination_v3.0.pdf;095-51
2013-2018;09751;09;795600;4500;0;2400;95100;79800;14900;12400;800;1005500;https://diffusion.mffp.gouv.qc.ca/diffusion/fec/documents_passes/Possibilites_forestieres/2015-2018/R09/;https://diffusion.mffp.gouv.qc.ca/diffusion/fec/documents_passes/Possibilites_forestieres/2015-2018/R09/09751_Rapport_determination_v3.0.pdf;097-51
2013-2018;11161;11;586500;6500;0;0;76800;88900;17500;21500;500;798200;https://diffusion.mffp.gouv.qc.ca/diffusion/fec/documents_passes/Possibilites_forestieres/2015-2018/R11/;https://diffusion.mffp.gouv.qc.ca/diffusion/fec/documents_passes/Possibilites_forestieres/2015-2018/R11/11161_Rapport_determination_v3.0.pdf;111-61
2013-2018;11262;11;358200;8300;0;0;90700;82900;11100;20700;100;572000;https://diffusion.mffp.gouv.qc.ca/diffusion/fec/documents_passes/Possibilites_forestieres/2015-2018/R11/;https://diffusion.mffp.gouv.qc.ca/diffusion/fec/documents_passes/Possibilites_forestieres/2015-2018/R11/11262_Rapport_determination_v3.0.pdf;112-62
2013-2018;11263;11;415600;11800;0;0;44700;70700;3900;6300;100;553100;https://diffusion.mffp.gouv.qc.ca/diffusion/fec/documents_passes/Possibilites_forestieres/2015-2018/R11/;https://diffusion.mffp.gouv.qc.ca/diffusion/fec/documents_passes/Possibilites_forestieres/2015-2018/R11/11263_Rapport_determination_v3.0.pdf;112-63
2018-2023;01171;01;195500;15000;0;700;75500;28900;24200;60800;4600;405200;https://forestierenchef.gouv.qc.ca/possibilites-forestieres/periode-2018-2023/regions-forestieres-2018-2023/bas-saint-laurent-2018-2023/;https://forestierenchef.gouv.qc.ca/wp-content/uploads/01171_fiche_determination_18_v3.pdf;011-71
2018-2023;01272;01;733400;24900;0;1300;42200;108200;37300;43100;300;990700;https://forestierenchef.gouv.qc.ca/possibilites-forestieres/periode-2018-2023/regions-forestieres-2018-2023/bas-saint-laurent-2018-2023/;https://forestierenchef.gouv.qc.ca/wp-content/uploads/01272_fiche_determination_18_v3.pdf;012-72
2018-2023;02371;02;1160700;200;0;900;141600;186500;37600;9200;900;1537600;https://forestierenchef.gouv.qc.ca/possibilites-forestieres/periode-2018-2023/regions-forestieres-2018-2023/saguenay-lac-saint-jean-2018-2023/;https://forestierenchef.gouv.qc.ca/wp-content/uploads/02371_fiche_determination_18_v3.pdf;023-71
2018-2023;02471;02;1307200;0;0;400;49200;172100;10100;3600;0;1542600;https://forestierenchef.gouv.qc.ca/possibilites-forestieres/periode-2018-2023/regions-forestieres-2018-2023/saguenay-lac-saint-jean-2018-2023/;https://forestierenchef.gouv.qc.ca/wp-content/uploads/02471_fiche_determination_mars_2018.pdf;024-71
2018-2023;02571;02;2398400;0;0;0;337800;323900;4600;4900;100;3069700;https://forestierenchef.gouv.qc.ca/possibilites-forestieres/periode-2018-2023/regions-forestieres-2018-2023/saguenay-lac-saint-jean-2018-2023/;https://forestierenchef.gouv.qc.ca/wp-content/uploads/02571_fiche_determination_18_v3.pdf;025-71
2018-2023;02651;02;151100;0;0;0;7900;13700;0;0;0;172700;https://forestierenchef.gouv.qc.ca/possibilites-forestieres/periode-2018-2023/regions-forestieres-2018-2023/mauricie-2018-2023/;https://forestierenchef.gouv.qc.ca/wp-content/uploads/02651_fiche-_determination_18_v3.pdf;026-51
2018-2023;02661;02;151400;0;0;0;4700;6900;0;0;0;163000;https://forestierenchef.gouv.qc.ca/possibilites-forestieres/periode-2018-2023/regions-forestieres-2018-2023/nord-du-quebec-2018-2023/;https://forestierenchef.gouv.qc.ca/wp-content/uploads/02661_fiche-_determination_18_v3.pdf;026-61
2018-2023;02662;02;113800;100;0;0;3500;11800;0;0;0;129200;https://forestierenchef.gouv.qc.ca/possibilites-forestieres/periode-2018-2023/regions-forestieres-2018-2023/nord-du-quebec-2018-2023/;https://forestierenchef.gouv.qc.ca/wp-content/uploads/02662_fiche-_determination_18_v3.pdf;026-62
2018-2023;02663;02;130300;0;0;0;5700;4600;0;0;0;140600;https://forestierenchef.gouv.qc.ca/possibilites-forestieres/periode-2018-2023/regions-forestieres-2018-2023/nord-du-quebec-2018-2023/;https://forestierenchef.gouv.qc.ca/wp-content/uploads/02663_fiche_determination_18_v3.pdf;026-63
2018-2023;02664;02;294600;300;0;0;8900;20100;0;0;0;323900;https://forestierenchef.gouv.qc.ca/possibilites-forestieres/periode-2018-2023/regions-forestieres-2018-2023/nord-du-quebec-2018-2023/;https://forestierenchef.gouv.qc.ca/wp-content/uploads/02664_fiche_determination_18_v3.pdf;026-64
2018-2023;02665;02;219200;100;0;100;9900;9700;0;0;0;239000;https://forestierenchef.gouv.qc.ca/possibilites-forestieres/periode-2018-2023/regions-forestieres-2018-2023/nord-du-quebec-2018-2023/;https://forestierenchef.gouv.qc.ca/wp-content/uploads/02665_fiche_determination_18_v3.pdf;026-65
2018-2023;02666;02;161700;100;0;0;10500;10100;0;0;0;182400;https://forestierenchef.gouv.qc.ca/possibilites-forestieres/periode-2018-2023/regions-forestieres-2018-2023/nord-du-quebec-2018-2023/;https://forestierenchef.gouv.qc.ca/wp-content/uploads/02666_fiche_determination_18_v3.pdf;026-66
2018-2023;02751;02;881400;0;0;100;73500;108900;1200;1500;200;1066800;https://forestierenchef.gouv.qc.ca/possibilites-forestieres/periode-2018-2023/regions-forestieres-2018-2023/saguenay-lac-saint-jean-2018-2023/;https://forestierenchef.gouv.qc.ca/wp-content/uploads/02751_fiche-_determination__18_v3.pdf;027-51
2018-2023;03153;03;50400;0;0;0;0;6300;0;0;0;56700;https://forestierenchef.gouv.qc.ca/possibilites-forestieres/periode-2018-2023/regions-forestieres-2018-2023/capitale-nationale-2018-2023/;https://forestierenchef.gouv.qc.ca/wp-content/uploads/03153_fiche_determination_18_v3.pdf;031-53
2018-2023;03171;03;149400;0;0;0;17000;48000;33800;13900;3500;265600;https://forestierenchef.gouv.qc.ca/possibilites-forestieres/periode-2018-2023/regions-forestieres-2018-2023/capitale-nationale-2018-2023/;https://forestierenchef.gouv.qc.ca/wp-content/uploads/03171_fiche_determination_18_v3.pdf;031-71
2018-2023;03351;03;129400;1400;0;1600;35500;47300;7200;8800;300;231500;https://forestierenchef.gouv.qc.ca/possibilites-forestieres/periode-2018-2023/regions-forestieres-2018-2023/capitale-nationale-2018-2023/;https://forestierenchef.gouv.qc.ca/wp-content/uploads/03351_fiche_determination_18_v3.pdf;033-51
2018-2023;03451;03;7000;900;1700;0;100;100;1800;5200;400;17200;https://forestierenchef.gouv.qc.ca/possibilites-forestieres/periode-2018-2023/regions-forestieres-2018-2023/chaudiere-appalaches-2018-2023/;https://forestierenchef.gouv.qc.ca/wp-content/uploads/03451_fiche_determination_18_v3.pdf;034-51
2018-2023;03571;03;113900;8300;0;100;19600;16500;9600;17400;800;186200;https://forestierenchef.gouv.qc.ca/possibilites-forestieres/periode-2018-2023/regions-forestieres-2018-2023/chaudiere-appalaches-2018-2023/;https://forestierenchef.gouv.qc.ca/wp-content/uploads/03571_fiche_determination_18_v3.pdf;035-71
2018-2023;04151;04;514900;35100;1700;20900;63600;114300;58900;85100;11700;906200;https://forestierenchef.gouv.qc.ca/possibilites-forestieres/periode-2018-2023/regions-forestieres-2018-2023/mauricie-2018-2023/;https://forestierenchef.gouv.qc.ca/wp-content/uploads/04151_fiche_determination_18_v3.pdf;041-51
2018-2023;04251;04;734400;7900;0;6700;118300;183400;77500;40700;1600;1170500;https://forestierenchef.gouv.qc.ca/possibilites-forestieres/periode-2018-2023/regions-forestieres-2018-2023/mauricie-2018-2023/;https://forestierenchef.gouv.qc.ca/wp-content/uploads/04251_fiche_determination_18_v3.pdf;042-51
2018-2023;04351;04;791200;0;0;100;121100;214300;200;4100;0;1131000;https://forestierenchef.gouv.qc.ca/possibilites-forestieres/periode-2018-2023/regions-forestieres-2018-2023/mauricie-2018-2023/;https://forestierenchef.gouv.qc.ca/wp-content/uploads/04351_fiche_determination_18_v3.pdf;043-51
2018-2023;04352;04;681900;7800;0;19900;163100;266000;38300;28700;1200;1206900;https://forestierenchef.gouv.qc.ca/possibilites-forestieres/periode-2018-2023/regions-forestieres-2018-2023/mauricie-2018-2023/;https://forestierenchef.gouv.qc.ca/wp-content/uploads/04352_fiche_determination_18_v3.pdf;043-52
2018-2023;05151;05;28200;800;0;300;2900;5400;8200;17400;600;63800;https://forestierenchef.gouv.qc.ca/possibilites-forestieres/periode-2018-2023/regions-forestieres-2018-2023/estrie-2018-2023/;https://forestierenchef.gouv.qc.ca/wp-content/uploads/05151_fiche-_determination_18_v3.pdf;051-51
2018-2023;06151;06;11400;1400;3100;1300;8700;3700;12100;38900;12900;93500;https://forestierenchef.gouv.qc.ca/possibilites-forestieres/periode-2018-2023/regions-forestieres-2018-2023/laurentides-2018-2023/;https://forestierenchef.gouv.qc.ca/wp-content/uploads/06151_fiche-_determination_18_v3.pdf;061-51
2018-2023;06271;06;372700;25800;300;11500;90700;166500;85600;67300;6800;827200;https://forestierenchef.gouv.qc.ca/possibilites-forestieres/periode-2018-2023/regions-forestieres-2018-2023/lanaudiere-2018-2023/;https://forestierenchef.gouv.qc.ca/wp-content/uploads/06271_fiche_determination_18_v3.pdf;062-71
2018-2023;06452;06;24700;6400;12400;3700;18400;7400;22700;66500;31800;194000;https://forestierenchef.gouv.qc.ca/possibilites-forestieres/periode-2018-2023/regions-forestieres-2018-2023/laurentides-2018-2023/;https://forestierenchef.gouv.qc.ca/wp-content/uploads/06452_fiche_determination_18_v3.pdf;064-52
2018-2023;06471;06;677600;37900;4000;15200;94600;355300;185300;189000;37600;1596500;https://forestierenchef.gouv.qc.ca/possibilites-forestieres/periode-2018-2023/regions-forestieres-2018-2023/laurentides-2018-2023/;https://forestierenchef.gouv.qc.ca/wp-content/uploads/06471_fiche_determination_18_v3.pdf;064-71
2018-2023;07151;07;41900;6800;4900;48200;35500;14200;21800;75000;66000;314300;https://forestierenchef.gouv.qc.ca/possibilites-forestieres/periode-2018-2023/regions-forestieres-2018-2023/outaouais-2018-2023/;https://forestierenchef.gouv.qc.ca/wp-content/uploads/07151_fiche_determination_18_v3.pdf;071-51
2018-2023;07152;07;174000;40400;5000;77800;82500;79700;69300;116900;38400;684000;https://forestierenchef.gouv.qc.ca/possibilites-forestieres/periode-2018-2023/regions-forestieres-2018-2023/outaouais-2018-2023/;https://forestierenchef.gouv.qc.ca/wp-content/uploads/07152_fiche_determination_18_v3.pdf;071-52
2018-2023;07251;07;10500;4900;13400;2600;12600;4000;8200;34100;15800;106100;https://forestierenchef.gouv.qc.ca/possibilites-forestieres/periode-2018-2023/regions-forestieres-2018-2023/outaouais-2018-2023/;https://forestierenchef.gouv.qc.ca/wp-content/uploads/07251_fiche-_determination_18_v3.pdf;072-51
2018-2023;07351;07;109900;20800;3500;41500;85900;51100;54700;139600;65300;572300;https://forestierenchef.gouv.qc.ca/possibilites-forestieres/periode-2018-2023/regions-forestieres-2018-2023/outaouais-2018-2023/;https://forestierenchef.gouv.qc.ca/wp-content/uploads/07351_fiche-_determination_18_v3.pdf;073-51
2018-2023;07352;07;130000;19300;300;28300;21100;84400;46700;50800;1400;382300;https://forestierenchef.gouv.qc.ca/possibilites-forestieres/periode-2018-2023/regions-forestieres-2018-2023/outaouais-2018-2023/;https://forestierenchef.gouv.qc.ca/wp-content/uploads/07352_fiche_determination_18_v3.pdf;073-52
2018-2023;07451;07;393500;47800;0;25000;89800;266300;57700;50400;2200;932700;https://forestierenchef.gouv.qc.ca/possibilites-forestieres/periode-2018-2023/regions-forestieres-2018-2023/outaouais-2018-2023/;https://forestierenchef.gouv.qc.ca/wp-content/uploads/07451_fiche_determination_18_v3.pdf;074-51
2018-2023;08151;08;82400;37500;21400;44600;29600;33300;60500;69100;21400;399800;https://forestierenchef.gouv.qc.ca/possibilites-forestieres/periode-2018-2023/regions-forestieres-2018-2023/abitibi-temiscamingue-2018-2023/;https://forestierenchef.gouv.qc.ca/wp-content/uploads/08151_fiche-_determination_18_v3.pdf;081-51
2018-2023;08152;08;222600;42200;6600;68200;73400;158500;51800;55900;4400;683600;https://forestierenchef.gouv.qc.ca/possibilites-forestieres/periode-2018-2023/regions-forestieres-2018-2023/abitibi-temiscamingue-2018-2023/;https://forestierenchef.gouv.qc.ca/wp-content/uploads/08152_fiche-_determination_18_v3.pdf;081-52
2018-2023;08251;08;419800;13600;0;6500;135100;97700;4200;9300;1300;687500;https://forestierenchef.gouv.qc.ca/possibilites-forestieres/periode-2018-2023/regions-forestieres-2018-2023/abitibi-temiscamingue-2018-2023/;https://forestierenchef.gouv.qc.ca/wp-content/uploads/08251_fiche_determination_18_v3.pdf;082-51
2018-2023;08351;08;587400;30300;0;17600;101200;203900;16600;16100;200;973300;https://forestierenchef.gouv.qc.ca/possibilites-forestieres/periode-2018-2023/regions-forestieres-2018-2023/abitibi-temiscamingue-2018-2023/;https://forestierenchef.gouv.qc.ca/wp-content/uploads/08351_fiche_determination_18_v3.pdf;083-51
2018-2023;08451;08;593000;1400;0;700;93600;67700;200;2800;0;759400;https://forestierenchef.gouv.qc.ca/possibilites-forestieres/periode-2018-2023/regions-forestieres-2018-2023/abitibi-temiscamingue-2018-2023/;https://forestierenchef.gouv.qc.ca/wp-content/uploads/08451_fiche_determination_18_v3.pdf;084-51
2018-2023;08462;08;218600;0;0;0;19600;31500;0;1300;0;271000;https://forestierenchef.gouv.qc.ca/possibilites-forestieres/periode-2018-2023/regions-forestieres-2018-2023/abitibi-temiscamingue-2018-2023/;https://forestierenchef.gouv.qc.ca/wp-content/uploads/08462_fiche_determination_18_v3.pdf;084-62
2018-2023;08551;08;487500;0;0;0;133300;11800;0;0;0;632600;https://forestierenchef.gouv.qc.ca/possibilites-forestieres/periode-2018-2023/regions-forestieres-2018-2023/nord-du-quebec-2018-2023/;https://forestierenchef.gouv.qc.ca/wp-content/uploads/08551_fiche_determination_18_v3_nov_2019.pdf;085-51
2018-2023;08562;08;14500;0;0;0;1100;200;0;0;0;15800;https://forestierenchef.gouv.qc.ca/possibilites-forestieres/periode-2018-2023/regions-forestieres-2018-2023/nord-du-quebec-2018-2023/;https://forestierenchef.gouv.qc.ca/wp-content/uploads/08562_fiche_determination_18_v3.pdf;085-62
2018-2023;08651;08;348100;300;0;500;121800;29700;0;600;0;501000;https://forestierenchef.gouv.qc.ca/possibilites-forestieres/periode-2018-2023/regions-forestieres-2018-2023/abitibi-temiscamingue-2018-2023/;https://forestierenchef.gouv.qc.ca/wp-content/uploads/08651_fiche_determination_18_v3.pdf;086-51
2018-2023;08652;08;264200;0;0;0;97000;5900;0;0;0;367100;https://forestierenchef.gouv.qc.ca/possibilites-forestieres/periode-2018-2023/regions-forestieres-2018-2023/nord-du-quebec-2018-2023/;https://forestierenchef.gouv.qc.ca/wp-content/uploads/08652_fiche_determination_18_v3.pdf;086-52
2018-2023;08663;08;14400;0;0;0;300;0;0;0;0;14700;https://forestierenchef.gouv.qc.ca/possibilites-forestieres/periode-2018-2023/regions-forestieres-2018-2023/nord-du-quebec-2018-2023/;https://forestierenchef.gouv.qc.ca/wp-content/uploads/08663_fiche_determination_18_v3.pdf;086-63
2018-2023;08664;08;182700;0;0;0;23400;2800;0;0;0;208900;https://forestierenchef.gouv.qc.ca/possibilites-forestieres/periode-2018-2023/regions-forestieres-2018-2023/nord-du-quebec-2018-2023/;https://forestierenchef.gouv.qc.ca/wp-content/uploads/08664_fiche-_determination_18_v3.pdf;086-64
2018-2023;08665;08;267100;0;0;0;40200;4500;0;0;0;311800;https://forestierenchef.gouv.qc.ca/possibilites-forestieres/periode-2018-2023/regions-forestieres-2018-2023/nord-du-quebec-2018-2023/;https://forestierenchef.gouv.qc.ca/wp-content/uploads/08665_fiche_determination_18_v3.pdf;086-65
2018-2023;08666;08;171800;0;0;0;9000;12000;0;0;0;192800;https://forestierenchef.gouv.qc.ca/possibilites-forestieres/periode-2018-2023/regions-forestieres-2018-2023/nord-du-quebec-2018-2023/;https://forestierenchef.gouv.qc.ca/wp-content/uploads/08666_fiche-_determination_18_v3.pdf;086-66
2018-2023;08751;08;445800;0;0;0;69800;31500;0;100;0;547200;https://forestierenchef.gouv.qc.ca/possibilites-forestieres/periode-2018-2023/regions-forestieres-2018-2023/nord-du-quebec-2018-2023/;https://forestierenchef.gouv.qc.ca/wp-content/uploads/08751_fiche_determination_18_v3.pdf;087-51
2018-2023;08762;08;247700;0;0;0;18600;17400;0;0;0;283700;https://forestierenchef.gouv.qc.ca/possibilites-forestieres/periode-2018-2023/regions-forestieres-2018-2023/nord-du-quebec-2018-2023/;https://forestierenchef.gouv.qc.ca/wp-content/uploads/08762_fiche-_determination_18_v3.pdf;087-62
2018-2023;08763;08;260200;100;0;0;36200;21300;0;100;0;317900;https://forestierenchef.gouv.qc.ca/possibilites-forestieres/periode-2018-2023/regions-forestieres-2018-2023/nord-du-quebec-2018-2023/;https://forestierenchef.gouv.qc.ca/wp-content/uploads/08763_fiche_determination_18_v3.pdf;087-63
2018-2023;08764;08;262400;100;0;0;31500;17200;0;0;0;311200;https://forestierenchef.gouv.qc.ca/possibilites-forestieres/periode-2018-2023/regions-forestieres-2018-2023/nord-du-quebec-2018-2023/;https://forestierenchef.gouv.qc.ca/wp-content/uploads/08764_fiche-_determination_18_v3.pdf;087-64
2018-2023;09351;09;1097300;0;0;0;55100;58900;0;8300;4300;1223900;https://forestierenchef.gouv.qc.ca/possibilites-forestieres/periode-2018-2023/regions-forestieres-2018-2023/cote-nord-2018-2023/;https://forestierenchef.gouv.qc.ca/wp-content/uploads/09351_fiche_determination_18_v3.pdf;093-51
2018-2023;09352;09;316500;0;0;0;3500;23700;0;0;0;343700;https://forestierenchef.gouv.qc.ca/possibilites-forestieres/periode-2018-2023/regions-forestieres-2018-2023/cote-nord-2018-2023/;https://forestierenchef.gouv.qc.ca/wp-content/uploads/09352_fiche_determination_mars_2018.pdf;093-52
2018-2023;09471;09;1092900;0;0;0;3800;23000;0;0;0;1119700;https://forestierenchef.gouv.qc.ca/possibilites-forestieres/periode-2018-2023/regions-forestieres-2018-2023/cote-nord-2018-2023/;https://forestierenchef.gouv.qc.ca/wp-content/uploads/09471_fiche_determination_mars_2018.pdf;094-71
2018-2023;09551;09;112300;0;0;0;200;1400;0;0;0;113900;https://forestierenchef.gouv.qc.ca/possibilites-forestieres/periode-2018-2023/regions-forestieres-2018-2023/cote-nord-2018-2023/;https://forestierenchef.gouv.qc.ca/wp-content/uploads/09551_fiche_determination_mars_2018.pdf;095-51
2018-2023;09751;09;795600;4500;0;2400;95100;79800;14900;12400;800;1005500;https://forestierenchef.gouv.qc.ca/possibilites-forestieres/periode-2018-2023/regions-forestieres-2018-2023/cote-nord-2018-2023/;https://forestierenchef.gouv.qc.ca/wp-content/uploads/09751_fiche_determination_18_v3.pdf;097-51
2018-2023;11161;11;609100;6800;0;0;79800;92300;18200;22300;500;829000;https://forestierenchef.gouv.qc.ca/possibilites-forestieres/periode-2018-2023/regions-forestieres-2018-2023/gaspesie-iles-de-la-madeleine-2018-2023/;https://forestierenchef.gouv.qc.ca/wp-content/uploads/11161_fiche_determination_18_v3.pdf;111-61
2018-2023;11262;11;361800;8400;0;0;91600;83700;11200;20900;100;577700;https://forestierenchef.gouv.qc.ca/possibilites-forestieres/periode-2018-2023/regions-forestieres-2018-2023/gaspesie-iles-de-la-madeleine-2018-2023/;https://forestierenchef.gouv.qc.ca/wp-content/uploads/11262_fiche_determination_18_v3.pdf;112-62
2018-2023;11263;11;415600;11800;0;0;44700;70700;3900;6300;100;553100;https://forestierenchef.gouv.qc.ca/possibilites-forestieres/periode-2018-2023/regions-forestieres-2018-2023/gaspesie-iles-de-la-madeleine-2018-2023/;https://forestierenchef.gouv.qc.ca/wp-content/uploads/11263_fiche_determination_18_v3-1.pdf;112-63
2023-2028;01171;01;189300;14400;0;800;76500;29400;24200;58600;3900;397100;https://forestierenchef.gouv.qc.ca/possibilites-forestieres/periode-2023-2028/regions-forestieres-2023-2028/bas-saint-laurent-2023-2028/;https://forestierenchef.gouv.qc.ca/wp-content/uploads/fic-00252-01171-determination-4.0.0.pdf;011-71
2023-2028;01272;01;748400;25700;0;1300;42600;109600;37600;43200;300;1008700;https://forestierenchef.gouv.qc.ca/possibilites-forestieres/periode-2023-2028/regions-forestieres-2023-2028/bas-saint-laurent-2023-2028/;https://forestierenchef.gouv.qc.ca/wp-content/uploads/fic-00253-01272-determination-4.0.0.pdf;012-72
2023-2028;02371;02;1097200;200;0;700;111700;181300;28700;6500;600;1426900;https://forestierenchef.gouv.qc.ca/possibilites-forestieres/periode-2023-2028/regions-forestieres-2023-2028/saguenay-lac-saint-jean-2023-2028/;https://forestierenchef.gouv.qc.ca/wp-content/uploads/FIC-00378-02371-Determination-4.4.0.pdf;023-71
2023-2028;02471;02;1525000;0;0;500;60800;142300;500;3100;300;1732500;https://forestierenchef.gouv.qc.ca/possibilites-forestieres/periode-2023-2028/regions-forestieres-2023-2028/saguenay-lac-saint-jean-2023-2028/;https://forestierenchef.gouv.qc.ca/wp-content/uploads/FIC-00255-02471-Determination-4.4.0.pdf;024-71
2023-2028;02571;02;2320500;100;0;100;348100;325700;7600;5100;100;3007300;https://forestierenchef.gouv.qc.ca/possibilites-forestieres/periode-2023-2028/regions-forestieres-2023-2028/saguenay-lac-saint-jean-2023-2028/;https://forestierenchef.gouv.qc.ca/wp-content/uploads/fic-00256-02571-determination-4.0.0.pdf;025-71
2023-2028;02651;02;154200;0;0;0;4600;21900;0;0;0;180700;https://forestierenchef.gouv.qc.ca/possibilites-forestieres/periode-2023-2028/regions-forestieres-2023-2028/mauricie-2023-2028/;https://forestierenchef.gouv.qc.ca/wp-content/uploads/FIC-00257-02651-Determination-MAJ-feu-A2024-4.8.1.pdf;026-51
2023-2028;02661;02;143600;0;0;0;1500;3900;0;0;0;149000;https://forestierenchef.gouv.qc.ca/possibilites-forestieres/periode-2023-2028/regions-forestieres-2023-2028/nord-du-quebec-2023-2028/;https://forestierenchef.gouv.qc.ca/wp-content/uploads/fic-00258-02661-determination-4.0.0.pdf;026-61
2023-2028;02662;02;99300;0;0;0;1500;4000;0;0;0;104800;https://forestierenchef.gouv.qc.ca/possibilites-forestieres/periode-2023-2028/regions-forestieres-2023-2028/nord-du-quebec-2023-2028/;https://forestierenchef.gouv.qc.ca/wp-content/uploads/fic-00259-02662-determination-4.0.0.pdf;026-62
2023-2028;02663;02;99100;0;0;0;1500;7400;0;0;0;108000;https://forestierenchef.gouv.qc.ca/possibilites-forestieres/periode-2023-2028/regions-forestieres-2023-2028/nord-du-quebec-2023-2028/;https://forestierenchef.gouv.qc.ca/wp-content/uploads/FIC-00260-02663-Determination-MAJ-feu-A2024-4.8.1.pdf;026-63
2023-2028;02664;02;294900;0;0;0;6900;28300;0;0;0;330100;https://forestierenchef.gouv.qc.ca/possibilites-forestieres/periode-2023-2028/regions-forestieres-2023-2028/nord-du-quebec-2023-2028/;https://forestierenchef.gouv.qc.ca/wp-content/uploads/FIC-00261-02664-Determination-MAJ-feu-A2024-4.8.1.pdf;026-64
2023-2028;02665;02;261100;0;0;0;8800;16000;0;0;0;285900;https://forestierenchef.gouv.qc.ca/possibilites-forestieres/periode-2023-2028/regions-forestieres-2023-2028/nord-du-quebec-2023-2028/;https://forestierenchef.gouv.qc.ca/wp-content/uploads/fic-00262-02665-determination-4.0.0.pdf;026-65
2023-2028;02666;02;130000;0;0;0;2700;9400;0;0;0;142100;https://forestierenchef.gouv.qc.ca/possibilites-forestieres/periode-2023-2028/regions-forestieres-2023-2028/nord-du-quebec-2023-2028/;https://forestierenchef.gouv.qc.ca/wp-content/uploads/FIC-00263-02666-Determination-MAJ-feu-A2024-4.8.1.pdf;026-66
2023-2028;02751;02;891500;100;0;400;76500;129600;200;3600;400;1102300;https://forestierenchef.gouv.qc.ca/possibilites-forestieres/periode-2023-2028/regions-forestieres-2023-2028/saguenay-lac-saint-jean-2023-2028/;https://forestierenchef.gouv.qc.ca/wp-content/uploads/fic-00264-02751-determination-4.0.0.pdf;027-51
2023-2028;03771;03;220800;2600;100;1400;9600;56800;41000;20600;1600;354500;https://forestierenchef.gouv.qc.ca/possibilites-forestieres/periode-2023-2028/regions-forestieres-2023-2028/capitale-nationale-2023-2028/;https://forestierenchef.gouv.qc.ca/wp-content/uploads/fic-00265-03771-determination-4.0.0.pdf;037-71
2023-2028;03772;03;191600;600;0;1100;56300;48500;6300;5500;200;310100;https://forestierenchef.gouv.qc.ca/possibilites-forestieres/periode-2023-2028/regions-forestieres-2023-2028/capitale-nationale-2023-2028/;https://forestierenchef.gouv.qc.ca/wp-content/uploads/fic-00266-03772-determination-4.0.0.pdf;037-72
2023-2028;04151;04;481200;34000;1700;19900;57900;114100;55600;87100;13200;864700;https://forestierenchef.gouv.qc.ca/possibilites-forestieres/periode-2023-2028/regions-forestieres-2023-2028/mauricie-2023-2028/;https://forestierenchef.gouv.qc.ca/wp-content/uploads/fic-00267-04151-determination-4.0.0.pdf;041-51
2023-2028;04251;04;757300;8100;0;7200;124400;171600;79800;45900;1300;1195600;https://forestierenchef.gouv.qc.ca/possibilites-forestieres/periode-2023-2028/regions-forestieres-2023-2028/mauricie-2023-2028/;https://forestierenchef.gouv.qc.ca/wp-content/uploads/fic-00268-04251-determination-4.0.0.pdf;042-51
2023-2028;04351;04;820700;0;0;100;129100;219200;300;4200;0;1173600;https://forestierenchef.gouv.qc.ca/possibilites-forestieres/periode-2023-2028/regions-forestieres-2023-2028/mauricie-2023-2028/;https://forestierenchef.gouv.qc.ca/wp-content/uploads/fic-00269-04351-determination-4.0.0.pdf;043-51
2023-2028;04352;04;706900;7700;0;20400;160400;257200;43800;32700;1500;1230600;https://forestierenchef.gouv.qc.ca/possibilites-forestieres/periode-2023-2028/regions-forestieres-2023-2028/mauricie-2023-2028/;https://forestierenchef.gouv.qc.ca/wp-content/uploads/fic-00270-04352-determination-4.0.1.pdf;043-52
2023-2028;05151;05;24500;900;0;300;3700;4300;6300;15300;600;55900;https://forestierenchef.gouv.qc.ca/possibilites-forestieres/periode-2023-2028/regions-forestieres-2023-2028/estrie-2023-2028/;https://forestierenchef.gouv.qc.ca/wp-content/uploads/fic-00271-05151-determination-4.0.1-002.pdf;051-51
2023-2028;06151;06;10100;1300;2800;1200;7800;3300;10800;34800;11300;83400;https://forestierenchef.gouv.qc.ca/possibilites-forestieres/periode-2023-2028/regions-forestieres-2023-2028/laurentides-2023-2028/;https://forestierenchef.gouv.qc.ca/wp-content/uploads/fic-00272-06151-determination-4.0.0.pdf;061-51
2023-2028;06271;06;334900;22400;200;10700;85800;149300;83700;65400;6300;758700;https://forestierenchef.gouv.qc.ca/possibilites-forestieres/periode-2023-2028/regions-forestieres-2023-2028/lanaudiere-2023-2028/;https://forestierenchef.gouv.qc.ca/wp-content/uploads/FIC-00273-06271-Determination-4.4.1.pdf;062-71
2023-2028;06452;06;22300;5800;11300;3400;17200;6800;21300;59600;27100;174800;https://forestierenchef.gouv.qc.ca/possibilites-forestieres/periode-2023-2028/regions-forestieres-2023-2028/laurentides-2023-2028/;https://forestierenchef.gouv.qc.ca/wp-content/uploads/FIC-00274-06452-Determination-4.4.0.pdf;064-52
2023-2028;06471;06;663000;37100;3900;14900;92600;347700;181100;184700;36700;1561700;https://forestierenchef.gouv.qc.ca/possibilites-forestieres/periode-2023-2028/regions-forestieres-2023-2028/laurentides-2023-2028/;https://forestierenchef.gouv.qc.ca/wp-content/uploads/fic-00275-06471-determination-4.0.1.pdf;061-71
2023-2028;07151;07;57300;5200;2800;30900;75200;17100;24300;62000;44600;319400;https://forestierenchef.gouv.qc.ca/possibilites-forestieres/periode-2023-2028/regions-forestieres-2023-2028/outaouais-2023-2028/;https://forestierenchef.gouv.qc.ca/wp-content/uploads/FIC-00276-07151-Determination-MAJ-AP-4.4.1.pdf;071-51
2023-2028;07152;07;254000;22000;7800;52400;124100;125000;85700;133600;44900;849500;https://forestierenchef.gouv.qc.ca/possibilites-forestieres/periode-2023-2028/regions-forestieres-2023-2028/outaouais-2023-2028/;https://forestierenchef.gouv.qc.ca/wp-content/uploads/FIC-00277-07152-Determination-MAJ-AP-4.4.1.pdf;071-52
2023-2028;07251;07;16000;1500;1400;3800;14100;3600;14000;57900;27700;140000;https://forestierenchef.gouv.qc.ca/possibilites-forestieres/periode-2023-2028/regions-forestieres-2023-2028/outaouais-2023-2028/;https://forestierenchef.gouv.qc.ca/wp-content/uploads/fic-00278-07251-determination-4.0.0.pdf;072-51
2023-2028;07351;07;124100;8900;3600;22400;109100;84900;39100;123700;64000;579800;https://forestierenchef.gouv.qc.ca/possibilites-forestieres/periode-2023-2028/regions-forestieres-2023-2028/outaouais-2023-2028/;https://forestierenchef.gouv.qc.ca/wp-content/uploads/fic-00279-07351-determination-4.0.0.pdf;073-51
2023-2028;07352;07;274900;10200;100;12600;29100;111500;54500;41600;2000;536500;https://forestierenchef.gouv.qc.ca/possibilites-forestieres/periode-2023-2028/regions-forestieres-2023-2028/outaouais-2023-2028/;https://forestierenchef.gouv.qc.ca/wp-content/uploads/FIC-00280-07352-Determination-4.4.0.pdf;073-52
2023-2028;07451;07;679500;16600;100;21600;247000;374700;76800;87600;4200;1508100;https://forestierenchef.gouv.qc.ca/possibilites-forestieres/periode-2023-2028/regions-forestieres-2023-2028/outaouais-2023-2028/;https://forestierenchef.gouv.qc.ca/wp-content/uploads/fic-00281-07451-determination-4.0.1.pdf;074-51
2023-2028;08151;08;83100;37800;21600;45000;30900;34800;59700;68200;21100;402200;https://forestierenchef.gouv.qc.ca/possibilites-forestieres/periode-2023-2028/regions-forestieres-2023-2028/abitibi-temiscamingue-2023-2028/;https://forestierenchef.gouv.qc.ca/wp-content/uploads/fic-00282-08151-determination-4.0.0.pdf;081-51
2023-2028;08152;08;213300;40100;6700;67000;74300;157800;47300;50700;3900;661100;https://forestierenchef.gouv.qc.ca/possibilites-forestieres/periode-2023-2028/regions-forestieres-2023-2028/abitibi-temiscamingue-2023-2028/;https://forestierenchef.gouv.qc.ca/wp-content/uploads/fic-00283-08152-determination-4.0.0.pdf;081-52
2023-2028;08251;08;407500;13200;0;6300;121500;95300;4100;9100;1200;658200;https://forestierenchef.gouv.qc.ca/possibilites-forestieres/periode-2023-2028/regions-forestieres-2023-2028/abitibi-temiscamingue-2023-2028/;https://forestierenchef.gouv.qc.ca/wp-content/uploads/fic-00284-08251-determination-4.0.0.pdf;082-51
2023-2028;08351;08;600200;31000;0;18000;103400;208300;17000;16500;200;994600;https://forestierenchef.gouv.qc.ca/possibilites-forestieres/periode-2023-2028/regions-forestieres-2023-2028/abitibi-temiscamingue-2023-2028/;https://forestierenchef.gouv.qc.ca/wp-content/uploads/fic-00285-08351-determination-4.0.0.pdf;083-51
2023-2028;08451;08;548500;1300;0;700;86600;62700;200;2600;0;702600;https://forestierenchef.gouv.qc.ca/possibilites-forestieres/periode-2023-2028/regions-forestieres-2023-2028/abitibi-temiscamingue-2023-2028/;https://forestierenchef.gouv.qc.ca/wp-content/uploads/FIC-00286-08451-Determination-MAJ-feu-A2024-4.8.1.pdf;084-51
2023-2028;08462;08;155700;0;0;0;14000;22400;0;1000;0;193100;https://forestierenchef.gouv.qc.ca/possibilites-forestieres/periode-2023-2028/regions-forestieres-2023-2028/abitibi-temiscamingue-2023-2028/;https://forestierenchef.gouv.qc.ca/wp-content/uploads/FIC-00287-08462-Determination-MAJ-feu-A2024-4.8.0.pdf;084-62
2023-2028;08551;08;462600;0;0;0;127400;12900;0;100;0;603000;https://forestierenchef.gouv.qc.ca/possibilites-forestieres/periode-2023-2028/regions-forestieres-2023-2028/nord-du-quebec-2023-2028/;https://forestierenchef.gouv.qc.ca/wp-content/uploads/FIC-00288-08551-Determination-4.4.0.pdf;085-51
2023-2028;08562;08;4000;0;0;0;700;100;0;0;0;4800;https://forestierenchef.gouv.qc.ca/possibilites-forestieres/periode-2023-2028/regions-forestieres-2023-2028/nord-du-quebec-2023-2028/;https://forestierenchef.gouv.qc.ca/wp-content/uploads/fic-00289-08562-determination-4.0.0.pdf;085-62
2023-2028;08651;08;356600;300;0;500;100400;29400;0;600;0;487800;https://forestierenchef.gouv.qc.ca/possibilites-forestieres/periode-2023-2028/regions-forestieres-2023-2028/abitibi-temiscamingue-2023-2028/;https://forestierenchef.gouv.qc.ca/wp-content/uploads/FIC-00290-08651-Determination-MAJ-feu-A2024-4.8.0.pdf;086-51
2023-2028;08652;08;237200;0;0;0;91500;5600;0;0;0;334300;https://forestierenchef.gouv.qc.ca/possibilites-forestieres/periode-2023-2028/regions-forestieres-2023-2028/nord-du-quebec-2023-2028/;https://forestierenchef.gouv.qc.ca/wp-content/uploads/fic-00291-08652-determination-4.0.0.pdf;086-52
2023-2028;08663;08;13400;0;0;0;100;100;0;0;0;13600;https://forestierenchef.gouv.qc.ca/possibilites-forestieres/periode-2023-2028/regions-forestieres-2023-2028/nord-du-quebec-2023-2028/;https://forestierenchef.gouv.qc.ca/wp-content/uploads/fic-00292-08663-determination-4.0.0.pdf;086-63
2023-2028;08664;08;128700;0;0;0;23600;1200;0;0;0;153500;https://forestierenchef.gouv.qc.ca/possibilites-forestieres/periode-2023-2028/regions-forestieres-2023-2028/nord-du-quebec-2023-2028/;https://forestierenchef.gouv.qc.ca/wp-content/uploads/fic-00293-08664-determination-4.0.0.pdf;086-64
2023-2028;08665;08;209100;0;0;0;38600;7400;0;0;0;255100;https://forestierenchef.gouv.qc.ca/possibilites-forestieres/periode-2023-2028/regions-forestieres-2023-2028/nord-du-quebec-2023-2028/;https://forestierenchef.gouv.qc.ca/wp-content/uploads/fic-00294-08665-determination-4.0.0.pdf;086-65
2023-2028;08666;08;130200;0;0;0;8900;5100;0;0;0;144200;https://forestierenchef.gouv.qc.ca/possibilites-forestieres/periode-2023-2028/regions-forestieres-2023-2028/nord-du-quebec-2023-2028/;https://forestierenchef.gouv.qc.ca/wp-content/uploads/FIC-00295-08666-Determination-MAJ-feu-A2024-4.8.0.pdf;086-66
2023-2028;08751;08;332700;0;0;0;52100;23600;0;100;0;408500;https://forestierenchef.gouv.qc.ca/possibilites-forestieres/periode-2023-2028/regions-forestieres-2023-2028/nord-du-quebec-2023-2028/;https://forestierenchef.gouv.qc.ca/wp-content/uploads/FIC-00296-08751-Determination-MAJ-feu-A2024-4.8.1.pdf;087-51
2023-2028;08762;08;115900;0;0;0;7300;7600;0;0;0;130800;https://forestierenchef.gouv.qc.ca/possibilites-forestieres/periode-2023-2028/regions-forestieres-2023-2028/nord-du-quebec-2023-2028/;https://forestierenchef.gouv.qc.ca/wp-content/uploads/FIC-00297-08762-Determination-MAJ-feu-A2024-4.8.0.pdf;087-62
2023-2028;08763;08;192200;0;0;0;37600;7300;0;0;0;237100;https://forestierenchef.gouv.qc.ca/possibilites-forestieres/periode-2023-2028/regions-forestieres-2023-2028/nord-du-quebec-2023-2028/;https://forestierenchef.gouv.qc.ca/wp-content/uploads/FIC-00298-08763-Determination-MAJ-feu-A2024-4.8.0.pdf;087-63
2023-2028;08764;08;183500;0;0;0;11300;8300;0;0;0;203100;https://forestierenchef.gouv.qc.ca/possibilites-forestieres/periode-2023-2028/regions-forestieres-2023-2028/nord-du-quebec-2023-2028/;https://forestierenchef.gouv.qc.ca/wp-content/uploads/FIC-00299-08764-Determination-MAJ-feu-A2024-4.8.0.pdf;087-64
2023-2028;09351;09;1022700;0;0;0;15500;97900;0;500;0;1136600;https://forestierenchef.gouv.qc.ca/possibilites-forestieres/periode-2023-2028/regions-forestieres-2023-2028/cote-nord-2023-2028/;https://forestierenchef.gouv.qc.ca/wp-content/uploads/fic-00300_09351_determination_4.0.0.pdf;093-51
2023-2028;09352;09;234700;0;0;0;1700;12000;0;100;0;248500;https://forestierenchef.gouv.qc.ca/possibilites-forestieres/periode-2023-2028/regions-forestieres-2023-2028/cote-nord-2023-2028/;https://forestierenchef.gouv.qc.ca/wp-content/uploads/fic-00301_09352_determination_4.0.0.pdf;093-52
2023-2028;09471;09;1076900;0;0;0;22100;66600;0;100;0;1165700;https://forestierenchef.gouv.qc.ca/possibilites-forestieres/periode-2023-2028/regions-forestieres-2023-2028/cote-nord-2023-2028/;https://forestierenchef.gouv.qc.ca/wp-content/uploads/fic-00302_09471_determination_4.0.0.pdf;094-71
2023-2028;09551;09;92700;0;0;0;200;1200;0;0;0;94100;https://forestierenchef.gouv.qc.ca/possibilites-forestieres/periode-2023-2028/regions-forestieres-2023-2028/cote-nord-2023-2028/;https://forestierenchef.gouv.qc.ca/wp-content/uploads/fic-00304_09751_determination_4.0.0.pdf;095-51
2023-2028;09751;09;736500;500;0;400;155400;146200;3200;5900;500;1048600;https://forestierenchef.gouv.qc.ca/possibilites-forestieres/periode-2023-2028/regions-forestieres-2023-2028/cote-nord-2023-2028/;https://forestierenchef.gouv.qc.ca/wp-content/uploads/fic-00303_09551_determination_4.0.0.pdf;097-51
2023-2028;11161;11;608800;6800;0;0;79800;92500;18100;22300;500;828800;https://forestierenchef.gouv.qc.ca/possibilites-forestieres/periode-2023-2028/regions-forestieres-2023-2028/gaspesie-iles-de-la-madeleine-2023-2028/;https://forestierenchef.gouv.qc.ca/wp-content/uploads/fic-00305-11161-determination-4.0.0.pdf;111-61
2023-2028;11262;11;361100;8400;0;0;91200;83600;11100;20600;100;576100;https://forestierenchef.gouv.qc.ca/possibilites-forestieres/periode-2023-2028/regions-forestieres-2023-2028/gaspesie-iles-de-la-madeleine-2023-2028/;https://forestierenchef.gouv.qc.ca/wp-content/uploads/fic-00306-11262-determination-4.0.0.pdf;111-62
2023-2028;11263;11;405400;11500;0;0;44000;69300;3700;6100;100;540100;https://forestierenchef.gouv.qc.ca/possibilites-forestieres/periode-2023-2028/regions-forestieres-2023-2028/gaspesie-iles-de-la-madeleine-2023-2028/;https://forestierenchef.gouv.qc.ca/wp-content/uploads/fic-00307-11263-determination-4.0.0.pdf;111-63
2023-2028;12171;12;143000;7800;1600;400;15800;17300;9300;20700;900;216800;https://forestierenchef.gouv.qc.ca/possibilites-forestieres/periode-2023-2028/regions-forestieres-2023-2028/chaudiere-appalaches-2023-2028/;https://forestierenchef.gouv.qc.ca/wp-content/uploads/fic-00349-121-71-determination-4.0.0.pdf;121-71
